X1,Eff..PAI,True.PAI,method1,method2,site,plot,year,month,fcover,se_for_true_PAI,Direct_fapar,Diffuse_fapar,final_FAPAR,plot_code,CF
CE V6.1,1.59,2.77,CE,P180,KOG,2,2013,9,0.584151442,0.141113712,0.698244009,0.729606693,0.723334156,KOG-02,0.57400722
CE V6.1,1.6,2.95,CE,P180,KOG,2,2013,11,0.618665181,0.154116237,0.724474874,0.749849234,0.744774362,KOG-02,0.542372881
CE V6.1,1.7,2.98,CE,P180,KOG,2,2013,12,0.595061194,0.17081561,0.725636986,0.750448934,0.745486545,KOG-02,0.570469799
CE V6.1,1.61,2.87,CE,P180,KOG,2,2014,1,0.580673596,0.139327603,0.704570536,0.730463116,0.7252846,KOG-02,0.56097561
CE V6.1,1.34,2.32,CE,P180,KOG,2,2014,2,0.488421183,0.116604381,0.641833561,0.671114471,0.665258289,KOG-02,0.577586207
CE V6.1,0.88,1.61,CE,P180,KOG,2,2014,3,0.335670493,0.098335753,0.4907339,0.524714135,0.517918088,KOG-02,0.546583851
CE V6.1,1.28,2.38,CE,P180,KOG,2,2014,4,0.503687955,0.158536485,0.635796268,0.66228985,0.656991133,KOG-02,0.537815126
CE V6.1,1.45,2.69,CE,P180,KOG,2,2014,5,0.640512269,0.108386529,0.694087465,0.712215414,0.708589824,KOG-02,0.539033457
CE V6.1,1.85,3.24,CE,P180,KOG,2,2014,7,0.649111233,0.149971666,0.749734863,0.775097859,0.770025259,KOG-02,0.570987654
CE V6.1,1.8,3.14,CE,P180,KOG,2,2014,9,0.624112975,0.14893349,0.731973215,0.760954383,0.755158149,KOG-02,0.573248408
CE V6.1,1.79,3.13,CE,P180,KOG,2,2014,10,0.666192482,0.16066417,0.741019509,0.768140448,0.76271626,KOG-02,0.571884984
CE V6.1,1.61,2.97,CE,P180,KOG,2,2014,11,0.650715842,0.144620133,0.723901096,0.747653944,0.742903375,KOG-02,0.542087542
CE V6.1,1.81,3.21,CE,P180,KOG,2,2014,12,0.613090288,0.142372357,0.722439952,0.755345429,0.748764333,KOG-02,0.563862928
CE V6.1,1.59,2.89,CE,P180,KOG,2,2015,1,0.608856051,0.130894045,0.703486546,0.73217125,0.726434309,KOG-02,0.55017301
CE V6.1,1.45,2.58,CE,P180,KOG,2,2015,2,0.572476181,0.129751608,0.686246171,0.710545513,0.705685645,KOG-02,0.562015504
CE V6.1,1.61,2.81,CE,P180,KOG,2,2015,3,0.558695236,0.093272025,0.701821122,0.730313583,0.724615091,KOG-02,0.572953737
CE V6.1,1.73,3.06,CE,P180,KOG,2,2015,5,0.619579285,0.146554273,0.728988005,0.757875632,0.752098107,KOG-02,0.565359477
CE V6.1,1.65,3.02,CE,P180,KOG,2,2015,6,0.638384886,0.135067282,0.733271386,0.751383065,0.747760729,KOG-02,0.546357616
CE V6.1,1.67,3.14,CE,P180,KOG,2,2015,7,0.663755491,0.123679959,0.751319759,0.76960431,0.7659474,KOG-02,0.531847134
CE V6.1,1.66,2.89,CE,P180,KOG,2,2015,8,0.625945942,0.103720589,0.717727141,0.743282819,0.738171683,KOG-02,0.574394464
CE V6.1,1.73,3,CE,P180,KOG,2,2015,9,0.59703967,0.121136256,0.735852335,0.758464249,0.753941867,KOG-02,0.576666667
CE V6.1,1.55,2.9,CE,P180,KOG,2,2015,10,0.641011731,0.110557973,0.734568162,0.752662962,0.749044002,KOG-02,0.534482759
CE V6.1,1.72,3.09,CE,P180,KOG,2,2015,11,0.633501972,0.119568515,0.733611293,0.760934573,0.755469917,KOG-02,0.556634304
CE V6.1,1.59,2.87,CE,P180,KOG,2,2015,12,0.614811053,0.106700436,0.713268373,0.73458024,0.730317866,KOG-02,0.554006969
CE V6.1,1.27,2.26,CE,P180,KOG,2,2016,2,0.57839724,0.093332663,0.645096615,0.668429092,0.663762596,KOG-02,0.561946903
CE V6.1,1.26,2.26,CE,P180,KOG,2,2016,3,0.561469755,0.095742909,0.63243519,0.656332953,0.651553401,KOG-02,0.557522124
CE V6.1,1.6,2.83,CE,P180,KOG,2,2016,4,0.597200235,0.108311674,0.702864671,0.730221594,0.72475021,KOG-02,0.565371025
CE V6.1,1.6,2.94,CE,P180,KOG,2,2016,5,0.626489502,0.113552574,0.723013197,0.747552523,0.742644658,KOG-02,0.544217687
CE V6.1,1.57,2.85,CE,P180,KOG,2,2017,5,0.61594493,0.109544508,0.701715425,0.720913502,0.717073886,KOG-02,0.550877193
CE V6.1,1.78,3.32,CE,P180,KOG,2,2017,7,0.671897904,0.147378165,0.748184083,0.771213306,0.766607462,KOG-02,0.536144578
CE V6.1,2.22,3.9,CE,P180,KOG,2,2017,8,0.677706714,0.160953234,0.786411714,0.808827226,0.804344124,KOG-02,0.569230769
CE V6.1,1.86,3.27,CE,P180,KOG,2,2017,9,0.685465484,0.086875631,0.768722136,0.787740602,0.783936909,KOG-02,0.568807339
CE V6.1,1.72,3.14,CE,P180,KOG,2,2017,10,0.674621079,0.07916812,0.75099189,0.775289473,0.770429957,KOG-02,0.547770701
CE V6.1,1.67,3.11,CE,P180,KOG,2,2017,11,0.672682964,0.087760215,0.752597589,0.769757953,0.76632588,KOG-02,0.536977492
CE V6.1,1.44,2.66,CE,P180,KOG,2,2017,12,0.596451,0.093151046,0.687393819,0.71578859,0.710109636,KOG-02,0.541353383
CE V6.1,0.7,0.7,CE,P180,KOG,2,2045,2,0.659392792,NA,0.700202672,0.686495877,0.689237236,KOG-02,1
CE V6.1,1.39,2.18,CE,P180,KOG,3,2013,9,0.624967134,0.076100405,0.675863393,0.693871149,0.690269597,KOG-03,0.637614679
CE V6.1,1.58,2.59,CE,P180,KOG,3,2013,11,0.750583765,0.090013774,0.768812929,0.780330088,0.778026656,KOG-03,0.61003861
CE V6.1,1.63,2.67,CE,P180,KOG,3,2013,12,0.73080335,0.108080584,0.766849715,0.77969509,0.777126015,KOG-03,0.610486891
CE V6.1,1.65,2.57,CE,P180,KOG,3,2014,1,0.662154772,0.129743701,0.719172911,0.742121113,0.737531473,KOG-03,0.642023346
CE V6.1,1.26,1.96,CE,P180,KOG,3,2014,2,0.624103505,0.088915064,0.641893752,0.667705853,0.662543433,KOG-03,0.642857143
CE V6.1,1.17,1.94,CE,P180,KOG,3,2014,3,0.650314428,0.087483208,0.656001911,0.677160189,0.672928534,KOG-03,0.603092784
CE V6.1,1.39,2.34,CE,P180,KOG,3,2014,4,0.670171364,0.079502375,0.697215906,0.711103606,0.708326066,KOG-03,0.594017094
CE V6.1,1.74,2.87,CE,P180,KOG,3,2014,5,0.732549273,0.070976341,0.760354482,0.777060667,0.77371943,KOG-03,0.606271777
CE V6.1,1.74,2.78,CE,P180,KOG,3,2014,6,0.696581713,0.095373315,0.753711797,0.779038456,0.773973124,KOG-03,0.625899281
CE V6.1,1.84,3.04,CE,P180,KOG,3,2014,7,0.750667868,0.104229827,0.791947223,0.804665327,0.802121706,KOG-03,0.605263158
CE V6.1,1.87,3.01,CE,P180,KOG,3,2014,9,0.685216233,0.113045859,0.778933155,0.797997788,0.794184861,KOG-03,0.621262458
CE V6.1,1.79,2.9,CE,P180,KOG,3,2014,10,0.731477311,0.119758807,0.774263061,0.787736332,0.785041678,KOG-03,0.617241379
CE V6.1,1.96,3.11,CE,P180,KOG,3,2014,11,0.700102431,0.114982027,0.787960926,0.804117661,0.800886314,KOG-03,0.63022508
CE V6.1,1.78,2.91,CE,P180,KOG,3,2014,12,0.706557722,0.135244399,0.758618228,0.779633922,0.775430783,KOG-03,0.611683849
CE V6.1,1.83,3.12,CE,P180,KOG,3,2015,1,0.683570628,0.144812969,0.752954942,0.779620692,0.774287542,KOG-03,0.586538462
CE V6.1,1.58,2.5,CE,P180,KOG,3,2015,2,0.606128471,0.111384599,0.689888367,0.720962898,0.714747992,KOG-03,0.632
CE V6.1,1.6,2.57,CE,P180,KOG,3,2015,3,0.667384256,0.073788724,0.726590897,0.752624985,0.747418168,KOG-03,0.622568093
CE V6.1,1.67,2.64,CE,P180,KOG,3,2015,5,0.647903888,0.083441423,0.734104177,0.755292849,0.751055115,KOG-03,0.632575758
CE V6.1,1.66,2.76,CE,P180,KOG,3,2015,6,0.737974319,0.088766897,0.779988252,0.792507246,0.790003448,KOG-03,0.601449275
CE V6.1,1.89,3.16,CE,P180,KOG,3,2015,7,0.730232449,0.109776566,0.795507047,0.812004745,0.808705205,KOG-03,0.598101266
CE V6.1,1.94,3.21,CE,P180,KOG,3,2015,8,0.747001052,0.112762206,0.796044509,0.809665007,0.806940907,KOG-03,0.604361371
CE V6.1,1.9,3.09,CE,P180,KOG,3,2015,9,0.723325481,0.10229943,0.786142225,0.801005146,0.798032562,KOG-03,0.614886731
CE V6.1,1.74,2.95,CE,P180,KOG,3,2015,10,0.757040202,0.103149919,0.786565903,0.794660079,0.793041244,KOG-03,0.589830508
CE V6.1,1.94,3.15,CE,P180,KOG,3,2015,11,0.739387053,0.112687373,0.779833819,0.797837054,0.794236407,KOG-03,0.615873016
CE V6.1,1.76,2.99,CE,P180,KOG,3,2015,12,0.739212928,0.101251302,0.773499386,0.790046838,0.786737348,KOG-03,0.588628763
CE V6.1,1.51,2.53,CE,P180,KOG,3,2016,1,0.670772675,0.100567408,0.718030783,0.735937978,0.732356539,KOG-03,0.596837945
CE V6.1,1.48,2.42,CE,P180,KOG,3,2016,2,0.636461737,0.101264674,0.68774918,0.712596951,0.707627397,KOG-03,0.611570248
CE V6.1,1.52,2.54,CE,P180,KOG,3,2016,3,0.719537863,0.095099325,0.742078394,0.761852452,0.75789764,KOG-03,0.598425197
CE V6.1,1.77,3.06,CE,P180,KOG,3,2016,4,0.75864764,0.081826713,0.778889649,0.797275803,0.793598572,KOG-03,0.578431373
CE V6.1,1.67,2.62,CE,P180,KOG,3,2016,5,0.680836966,0.082455813,0.748145574,0.768908643,0.764756029,KOG-03,0.63740458
CE V6.1,1.71,2.78,CE,P180,KOG,3,2017,5,0.687811598,0.067676422,0.755379679,0.770023385,0.767094644,KOG-03,0.615107914
CE V6.1,1.64,2.69,CE,P180,KOG,3,2017,7,0.711107764,0.072754957,0.757621192,0.775416674,0.771857578,KOG-03,0.609665428
CE V6.1,1.83,3.24,CE,P180,KOG,3,2017,8,0.804065453,0.122164597,0.832606715,0.837211148,0.836290261,KOG-03,0.564814815
CE V6.1,1.8,3,CE,P180,KOG,3,2017,9,0.737299809,0.095353187,0.795643987,0.806486956,0.804318362,KOG-03,0.6
CE V6.1,1.83,3.05,CE,P180,KOG,3,2017,10,0.746984467,0.09039124,0.802108911,0.816099101,0.813301063,KOG-03,0.6
CE V6.1,1.63,2.69,CE,P180,KOG,3,2017,11,0.754114132,0.085391058,0.781449197,0.784049618,0.783529534,KOG-03,0.605947955
CE V6.1,1.38,2.56,CE,P180,KOG,4,2013,6,0.642111911,0.125220589,0.682075003,0.701396551,0.697532242,KOG-04,0.5390625
CE V6.1,1.36,2.5,CE,P180,KOG,4,2013,7,0.571731092,0.125456667,0.64550037,0.675815663,0.669752604,KOG-04,0.544
CE V6.1,1.49,2.56,CE,P180,KOG,4,2013,8,0.595601643,0.121157502,0.673202062,0.706113124,0.699530911,KOG-04,0.58203125
CE V6.1,1.07,1.8,CE,P180,KOG,4,2013,9,0.563831864,0.08538578,0.613866208,0.641208954,0.635740405,KOG-04,0.594444444
CE V6.1,1.36,2.42,CE,P180,KOG,4,2013,11,0.625259435,0.112707519,0.656046037,0.684678826,0.678952268,KOG-04,0.561983471
CE V6.1,1.5,2.51,CE,P180,KOG,4,2013,12,0.579786467,0.110648746,0.655406645,0.690705873,0.683646028,KOG-04,0.597609562
CE V6.1,1.42,2.4,CE,P180,KOG,4,2014,1,0.570560632,0.106021492,0.640817841,0.684046042,0.675400402,KOG-04,0.591666667
CE V6.1,1.01,1.71,CE,P180,KOG,4,2014,2,0.55445033,0.075384147,0.573266464,0.594258682,0.590060238,KOG-04,0.590643275
CE V6.1,0.86,1.57,CE,P180,KOG,4,2014,3,0.520205013,0.087694678,0.526659484,0.554477706,0.548914062,KOG-04,0.547770701
CE V6.1,1.14,2.03,CE,P180,KOG,4,2014,4,0.572481435,0.100248491,0.620627568,0.645495485,0.640521901,KOG-04,0.561576355
CE V6.1,1.33,2.41,CE,P180,KOG,4,2014,5,0.599457316,0.118235209,0.654141428,0.681292063,0.675861936,KOG-04,0.55186722
CE V6.1,0.7,0.7,CE,P180,KOG,4,2014,6,0.747525981,NA,0.66108183,0.631657687,0.637542516,KOG-04,1
CE V6.1,1.54,2.72,CE,P180,KOG,4,2014,7,0.600563654,0.154226864,0.674627612,0.711078733,0.703788509,KOG-04,0.566176471
CE V6.1,1.59,2.8,CE,P180,KOG,4,2014,9,0.597300944,0.098603292,0.674922102,0.711881399,0.70448954,KOG-04,0.567857143
CE V6.1,1.45,2.67,CE,P180,KOG,4,2014,11,0.638246218,0.122230606,0.676759087,0.705069905,0.699407741,KOG-04,0.543071161
CE V6.1,1.33,2.4,CE,P180,KOG,4,2014,12,0.635347916,0.132416076,0.664559833,0.691683713,0.686258937,KOG-04,0.554166667
CE V6.1,1.28,2.29,CE,P180,KOG,4,2015,1,0.601072123,0.105911407,0.630365708,0.664440257,0.657625347,KOG-04,0.558951965
CE V6.1,1.34,2.36,CE,P180,KOG,4,2015,3,0.577938682,0.08941809,0.633606842,0.667762736,0.660931557,KOG-04,0.56779661
CE V6.1,1.3,2.3,CE,P180,KOG,4,2015,4,0.608935085,0.113124058,0.657500395,0.680528435,0.675922827,KOG-04,0.565217391
CE V6.1,1.3,2.23,CE,P180,KOG,4,2015,5,0.57330747,0.089805372,0.626833082,0.654170082,0.648702682,KOG-04,0.582959641
CE V6.1,1.27,2.32,CE,P180,KOG,4,2015,6,0.608203818,0.093313509,0.637229111,0.664568519,0.659100637,KOG-04,0.547413793
CE V6.1,1.78,3.12,CE,P180,KOG,4,2015,7,0.601319524,0.147888546,0.703762869,0.73845752,0.73151859,KOG-04,0.570512821
CE V6.1,1.7,3.01,CE,P180,KOG,4,2015,8,0.638969175,0.130822784,0.711421964,0.740004852,0.734288275,KOG-04,0.564784053
CE V6.1,1.62,2.83,CE,P180,KOG,4,2015,9,0.599684264,0.134838269,0.691972648,0.7277731,0.720613009,KOG-04,0.572438163
CE V6.1,1.48,2.7,CE,P180,KOG,4,2015,10,0.624657504,0.110623003,0.701278895,0.724873461,0.720154548,KOG-04,0.548148148
CE V6.1,1.74,3.08,CE,P180,KOG,4,2015,11,0.617370292,0.157489601,0.690516802,0.73072993,0.722687304,KOG-04,0.564935065
CE V6.1,1.47,2.56,CE,P180,KOG,4,2015,12,0.614261423,0.124004531,0.679594854,0.712190257,0.705671177,KOG-04,0.57421875
CE V6.1,1.52,2.63,CE,P180,KOG,4,2016,1,0.387554066,0.129927648,0.564639808,0.62251677,0.610941378,KOG-04,0.577946768
CE V6.1,1.22,2.21,CE,P180,KOG,4,2016,2,0.504723844,0.105815665,0.586542473,0.62578257,0.617934551,KOG-04,0.552036199
CE V6.1,1.28,2.22,CE,P180,KOG,4,2016,3,0.570084357,0.070202078,0.617248955,0.656652704,0.648771954,KOG-04,0.576576577
CE V6.1,1.51,2.66,CE,P180,KOG,4,2016,4,0.627359778,0.085866278,0.679776441,0.704346787,0.699432718,KOG-04,0.567669173
CE V6.1,1.52,2.69,CE,P180,KOG,4,2016,5,0.621787198,0.096871666,0.700340334,0.726825582,0.721528532,KOG-04,0.565055762
CE V6.1,1.43,2.69,CE,P180,KOG,4,2017,5,0.627946599,0.061528622,0.676168073,0.703396768,0.697951029,KOG-04,0.531598513
CE V6.1,1.61,2.79,CE,P180,KOG,4,2017,7,0.565207277,0.108654269,0.688601348,0.718108417,0.712207004,KOG-04,0.577060932
CE V6.1,2.07,3.88,CE,P180,KOG,4,2017,8,0.648143657,0.177512492,0.767764551,0.788225376,0.784133211,KOG-04,0.533505155
CE V6.1,1.69,2.91,CE,P180,KOG,4,2017,9,0.615700632,0.114229556,0.703911048,0.741449119,0.733941505,KOG-04,0.580756014
CE V6.1,1.67,2.86,CE,P180,KOG,4,2017,10,0.627284442,0.102222588,0.700392341,0.73273656,0.726267716,KOG-04,0.583916084
CE V6.1,1.58,2.86,CE,P180,KOG,4,2017,11,0.658414512,0.083721538,0.713268122,0.738952631,0.733815729,KOG-04,0.552447552
CE V6.1,1.35,2.4,CE,P180,KOG,4,2017,12,0.574996033,0.092090781,0.629110974,0.66179533,0.655258459,KOG-04,0.5625
CE V6.1,0.7,0.7,CE,P180,KOG,5,2012,3,0.681734059,NA,0.621353001,0.615245988,0.616467391,KOG-05,1
CE V6.1,0.98,1.72,CE,P180,KOG,5,2013,9,0.356695553,0.079203933,0.508746714,0.548590397,0.54062166,KOG-05,0.569767442
CE V6.1,1.25,2.17,CE,P180,KOG,5,2013,11,0.459271896,0.069329671,0.599913533,0.636794026,0.629417927,KOG-05,0.576036866
CE V6.1,1.11,1.94,CE,P180,KOG,5,2013,12,0.437814624,0.066516886,0.565150336,0.595114251,0.589121468,KOG-05,0.572164948
CE V6.1,1.2,2.07,CE,P180,KOG,5,2014,1,0.407672933,0.076132279,0.551885495,0.594630332,0.586081364,KOG-05,0.579710145
CE V6.1,0.79,1.3,CE,P180,KOG,5,2014,2,0.353881474,0.065747953,0.476137052,0.502784441,0.497454963,KOG-05,0.607692308
CE V6.1,0.64,1.12,CE,P180,KOG,5,2014,3,0.227988232,0.072495696,0.373070818,0.417105237,0.408298353,KOG-05,0.571428571
CE V6.1,0.71,1.36,CE,P180,KOG,5,2014,4,0.318063386,0.058377126,0.436921574,0.471447421,0.464542251,KOG-05,0.522058824
CE V6.1,1.15,2.21,CE,P180,KOG,5,2014,5,0.472925935,0.08146806,0.579867622,0.614488273,0.607564142,KOG-05,0.520361991
CE V6.1,1.34,2.44,CE,P180,KOG,5,2014,7,0.469490417,0.101216731,0.611551425,0.651518066,0.643524738,KOG-05,0.549180328
CE V6.1,1.22,2.25,CE,P180,KOG,5,2014,9,0.454973946,0.07874616,0.590658089,0.625610133,0.618619725,KOG-05,0.542222222
CE V6.1,1.24,2.25,CE,P180,KOG,5,2014,10,0.452309463,0.062447979,0.599040486,0.636854435,0.629291645,KOG-05,0.551111111
CE V6.1,1.36,2.37,CE,P180,KOG,5,2014,11,0.475537321,0.06527889,0.612078365,0.648768192,0.641430227,KOG-05,0.573839662
CE V6.1,1.2,2.14,CE,P180,KOG,5,2014,12,0.417013552,0.07907006,0.57389954,0.620878089,0.611482379,KOG-05,0.560747664
CE V6.1,1.12,2.03,CE,P180,KOG,5,2015,1,0.39826372,0.074268592,0.551740239,0.588226836,0.580929516,KOG-05,0.551724138
CE V6.1,0.88,1.68,CE,P180,KOG,5,2015,2,0.320172763,0.067872019,0.472751523,0.510259649,0.502758024,KOG-05,0.523809524
CE V6.1,1.05,1.94,CE,P180,KOG,5,2015,3,0.406305613,0.055345948,0.536149202,0.575907199,0.567955599,KOG-05,0.541237113
CE V6.1,1.23,2.26,CE,P180,KOG,5,2015,5,0.452562922,0.076849497,0.608646685,0.641328849,0.634792417,KOG-05,0.544247788
CE V6.1,1.11,2.18,CE,P180,KOG,5,2015,6,0.489089824,0.083532011,0.592367594,0.614296747,0.609910917,KOG-05,0.509174312
CE V6.1,1.26,2.37,CE,P180,KOG,5,2015,7,0.472010673,0.089836093,0.592966983,0.625229209,0.618776764,KOG-05,0.53164557
CE V6.1,1.34,2.6,CE,P180,KOG,5,2015,8,0.498608991,0.09741938,0.620264973,0.657129465,0.649756566,KOG-05,0.515384615
CE V6.1,1.22,2.41,CE,P180,KOG,5,2015,9,0.494516863,0.088617106,0.609301801,0.642318576,0.635715221,KOG-05,0.506224066
CE V6.1,1.33,2.4,CE,P180,KOG,5,2015,10,0.45807805,0.095111719,0.603300826,0.644529314,0.636283617,KOG-05,0.554166667
CE V6.1,1.37,2.42,CE,P180,KOG,5,2015,11,0.439597728,0.084760255,0.612455271,0.654994774,0.646486873,KOG-05,0.566115702
CE V6.1,1.25,2.24,CE,P180,KOG,5,2015,12,0.45526982,0.086488513,0.58829472,0.625753975,0.618262124,KOG-05,0.558035714
CE V6.1,0.99,1.85,CE,P180,KOG,5,2016,2,0.366369408,0.084598929,0.506031658,0.552042768,0.542840546,KOG-05,0.535135135
CE V6.1,0.97,1.84,CE,P180,KOG,5,2016,3,0.403093312,0.078269701,0.527185448,0.55692349,0.550975881,KOG-05,0.527173913
CE V6.1,1.19,2.29,CE,P180,KOG,5,2016,4,0.480612485,0.258884465,0.594570407,0.629942244,0.622867877,KOG-05,0.519650655
CE V6.1,1.28,2.24,CE,P180,KOG,5,2016,5,0.408096126,0.07582033,0.562343463,0.610091274,0.600541712,KOG-05,0.571428571
CE V6.1,1.09,2.17,CE,P180,KOG,5,2017,5,0.437208838,0.079539546,0.566768662,0.598587397,0.59222365,KOG-05,0.502304147
CE V6.1,1.51,2.95,CE,P180,KOG,5,2017,7,0.387771961,0.2214005,0.610399107,0.658308404,0.648726545,KOG-05,0.511864407
CE V6.1,1.32,2.49,CE,P180,KOG,5,2017,8,0.470104543,0.07056095,0.592858293,0.639334097,0.630038936,KOG-05,0.530120482
CE V6.1,1.31,2.64,CE,P180,KOG,5,2017,10,0.485531452,0.10445297,0.607317528,0.646787761,0.638893715,KOG-05,0.496212121
CE V6.1,1.32,2.5,CE,P180,KOG,5,2017,11,0.506495063,0.100664795,0.615384213,0.65656821,0.648331411,KOG-05,0.528
CE V6.1,1.15,2.21,CE,P180,KOG,5,2017,12,0.424454129,0.081878999,0.563963616,0.60444737,0.596350619,KOG-05,0.520361991
CE V6.1,1.91,3.13,CE,P180,KOG,6,2013,9,0.728884434,0.132291662,0.767823887,0.792371665,0.787462109,KOG-06,0.610223642
CE V6.1,1.31,2.14,CE,P180,KOG,6,2013,11,0.627385263,0.058687657,0.672322059,0.694633775,0.690171432,KOG-06,0.612149533
CE V6.1,1.25,2.03,CE,P180,KOG,6,2013,12,0.597631454,0.036917916,0.643289098,0.677449501,0.67061742,KOG-06,0.615763547
CE V6.1,1.26,2.03,CE,P180,KOG,6,2014,1,0.533774136,0.066771785,0.628273816,0.663768989,0.656669955,KOG-06,0.620689655
CE V6.1,1.06,1.77,CE,P180,KOG,6,2014,2,0.50680583,0.059691198,0.590808598,0.615821952,0.610819281,KOG-06,0.598870056
CE V6.1,0.4,0.65,CE,P180,KOG,6,2014,3,0.203768155,0.045391177,0.271624824,0.289796529,0.286162188,KOG-06,0.615384615
CE V6.1,1.25,2.07,CE,P180,KOG,6,2014,4,0.550835819,0.053309597,0.62166257,0.655166707,0.64846588,KOG-06,0.603864734
CE V6.1,1.52,2.72,CE,P180,KOG,6,2014,5,0.625655491,0.075005588,0.701099699,0.728649294,0.723139375,KOG-06,0.558823529
CE V6.1,1.49,2.61,CE,P180,KOG,6,2014,6,0.687270627,0.079595032,0.725266691,0.749261489,0.74446253,KOG-06,0.570881226
CE V6.1,1.62,2.73,CE,P180,KOG,6,2014,8,0.687816207,0.094484977,0.726990872,0.753896691,0.748515527,KOG-06,0.593406593
CE V6.1,1.63,2.72,CE,P180,KOG,6,2014,9,0.678041285,0.092554746,0.721096228,0.750710842,0.744787919,KOG-06,0.599264706
CE V6.1,1.66,2.72,CE,P180,KOG,6,2014,10,0.677716491,0.070028382,0.715766419,0.749471386,0.742730393,KOG-06,0.610294118
CE V6.1,1.45,2.55,CE,P180,KOG,6,2014,11,0.717250066,0.077122048,0.710319709,0.732035283,0.727692168,KOG-06,0.568627451
CE V6.1,1.36,2.35,CE,P180,KOG,6,2014,12,0.646278206,0.06520396,0.665406347,0.695834482,0.689748855,KOG-06,0.578723404
CE V6.1,1.34,2.28,CE,P180,KOG,6,2015,1,0.577124817,0.066051841,0.641701831,0.677625886,0.670441075,KOG-06,0.587719298
CE V6.1,1.19,1.98,CE,P180,KOG,6,2015,2,0.576776245,0.053254326,0.614208234,0.645688414,0.639392378,KOG-06,0.601010101
CE V6.1,1.46,2.45,CE,P180,KOG,6,2015,3,0.577870171,0.077360796,0.649125399,0.694300998,0.685265878,KOG-06,0.595918367
CE V6.1,1.44,2.36,CE,P180,KOG,6,2015,4,0.623701088,0.059994763,0.671358859,0.698676857,0.693213257,KOG-06,0.610169492
CE V6.1,1.48,2.43,CE,P180,KOG,6,2015,5,0.537378809,0.070487125,0.669444828,0.703423071,0.696627423,KOG-06,0.609053498
CE V6.1,1.6,2.79,CE,P180,KOG,6,2015,6,0.707413088,0.073570884,0.734645797,0.757092651,0.75260328,KOG-06,0.573476703
CE V6.1,1.48,2.58,CE,P180,KOG,6,2015,7,0.719489075,0.070936747,0.729520231,0.748613824,0.744795105,KOG-06,0.573643411
CE V6.1,1.68,2.82,CE,P180,KOG,6,2015,8,0.710244813,0.071333087,0.739409346,0.769009639,0.763089581,KOG-06,0.595744681
CE V6.1,1.68,2.75,CE,P180,KOG,6,2015,9,0.686591394,0.073071403,0.726090043,0.758738681,0.752208953,KOG-06,0.610909091
CE V6.1,1.54,2.62,CE,P180,KOG,6,2015,10,0.708881009,0.074430578,0.719564377,0.746379638,0.741016586,KOG-06,0.58778626
CE V6.1,1.58,2.62,CE,P180,KOG,6,2015,11,0.667207595,0.086037091,0.71263594,0.741213222,0.735497765,KOG-06,0.603053435
CE V6.1,1.25,2.07,CE,P180,KOG,6,2015,12,0.628034794,0.059998655,0.658360608,0.682035472,0.677300499,KOG-06,0.603864734
CE V6.1,1.41,2.36,CE,P180,KOG,6,2016,1,0.519647335,0.062737776,0.6246487,0.671461608,0.662099027,KOG-06,0.597457627
CE V6.1,1.17,2,CE,P180,KOG,6,2016,2,0.579114594,0.05910366,0.630430536,0.660470837,0.654462777,KOG-06,0.585
CE V6.1,1.24,2.04,CE,P180,KOG,6,2016,3,0.637037379,0.062550794,0.6559772,0.680641526,0.675708661,KOG-06,0.607843137
CE V6.1,1.57,2.59,CE,P180,KOG,6,2016,4,0.655364094,0.072577719,0.703618631,0.733471988,0.727501316,KOG-06,0.606177606
CE V6.1,1.47,2.51,CE,P180,KOG,6,2016,5,0.691270132,0.069369901,0.710710392,0.726714638,0.723513789,KOG-06,0.585657371
CE V6.1,1.59,2.67,CE,P180,KOG,6,2017,5,0.62068148,0.049673756,0.687033422,0.725800698,0.718047243,KOG-06,0.595505618
CE V6.1,1.79,3.21,CE,P180,KOG,6,2017,7,0.698220246,0.083584153,0.739858527,0.770960377,0.764740007,KOG-06,0.557632399
CE V6.1,2.19,3.91,CE,P180,KOG,6,2017,8,0.772752142,0.132575386,0.812014281,0.831942231,0.827956641,KOG-06,0.560102302
CE V6.1,1.76,2.96,CE,P180,KOG,6,2017,9,0.70173174,0.082257461,0.738520842,0.767752184,0.761905916,KOG-06,0.594594595
CE V6.1,1.78,3.13,CE,P180,KOG,6,2017,10,0.730989096,0.08836692,0.755853612,0.780890014,0.775882733,KOG-06,0.568690096
CE V6.1,1.5,2.49,CE,P180,KOG,6,2017,11,0.714579174,0.055404921,0.721443303,0.747317095,0.742142336,KOG-06,0.602409639
CE V6.1,1.32,2.25,CE,P180,KOG,6,2017,12,0.519937678,0.072322695,0.609031206,0.655179777,0.645950063,KOG-06,0.586666667
CE V6.1,2.6,4.24,CE,P180,ANK,1,2016,1,0.772751159,0.082638713,0.853425244,0.871963896,0.868256165,ANK-01,0.613207547
CE V6.1,2.57,4.28,CE,P180,ANK,1,2016,3,0.753485135,0.088600229,0.84174802,0.867563263,0.862400214,ANK-01,0.60046729
CE V6.1,2.81,4.72,CE,P180,ANK,1,2016,4,0.786187573,0.106112037,0.87027909,0.889216394,0.885428933,ANK-01,0.595338983
CE V6.1,2.46,4.12,CE,P180,ANK,1,2017,1,0.842962176,0.091638825,0.872147695,0.885932349,0.883175418,ANK-01,0.597087379
CE V6.1,2.43,4.09,CE,P180,ANK,1,2017,2,0.816939031,0.078629617,0.858579203,0.87500146,0.871717009,ANK-01,0.594132029
CE V6.1,2.29,3.8,CE,P180,ANK,1,2017,3,0.841590562,0.108703727,0.852161098,0.867411896,0.864361736,ANK-01,0.602631579
CE V6.1,2.66,4.52,CE,P180,ANK,1,2017,4,0.767352975,0.093663697,0.847495693,0.872194945,0.867255095,ANK-01,0.588495575
CE V6.1,2.8,4.97,CE,P180,ANK,1,2017,5,0.765530608,0.111643886,0.863064492,0.883974575,0.879792558,ANK-01,0.563380282
CE V6.1,2.61,4.57,CE,P180,ANK,1,2017,6,0.810208343,0.121549343,0.870580287,0.886704831,0.883479922,ANK-01,0.571115974
CE V6.1,3.06,5.26,CE,P180,ANK,1,2017,7,0.793171655,0.160859498,0.873712543,0.89918505,0.894090549,ANK-01,0.581749049
CE V6.1,2.94,5.09,CE,P180,ANK,1,2017,8,0.828294272,0.102078455,0.885103933,0.901545074,0.898256846,ANK-01,0.577603143
CE V6.1,2.76,4.82,CE,P180,ANK,1,2017,9,0.80915629,0.111029173,0.87118418,0.889294601,0.885672517,ANK-01,0.572614108
CE V6.1,2.8,4.88,CE,P180,ANK,1,2017,10,0.802045857,0.119467089,0.867566752,0.889025604,0.884733834,ANK-01,0.573770492
CE V6.1,2.78,4.79,CE,P180,ANK,1,2017,11,0.810627257,0.111621156,0.865858159,0.884410557,0.880700077,ANK-01,0.580375783
CE V6.1,2.74,4.58,CE,P180,ANK,1,2017,12,0.857802767,0.100969243,0.890708873,0.902672035,0.900279402,ANK-01,0.598253275
CE V6.1,2.38,3.94,CE,P180,ANK,2,2016,1,0.808888043,0.049953772,0.852138421,0.869374095,0.86592696,ANK-02,0.604060914
CE V6.1,2.36,3.88,CE,P180,ANK,2,2016,3,0.763351001,0.050810661,0.853884089,0.868073655,0.865235742,ANK-02,0.608247423
CE V6.1,2.46,4.01,CE,P180,ANK,2,2016,4,0.796107912,0.072096184,0.850316374,0.869587587,0.865733345,ANK-02,0.613466334
CE V6.1,2.52,4.22,CE,P180,ANK,2,2017,1,0.84127475,0.102746985,0.858431716,0.878932559,0.874832391,ANK-02,0.597156398
CE V6.1,2.52,4.17,CE,P180,ANK,2,2017,2,0.854480174,0.117580489,0.854052801,0.87615713,0.871736264,ANK-02,0.604316547
CE V6.1,2.36,3.86,CE,P180,ANK,2,2017,3,0.806702227,0.109112531,0.847512797,0.868937257,0.864652365,ANK-02,0.611398964
CE V6.1,2.65,4.45,CE,P180,ANK,2,2017,4,0.845604996,0.102087192,0.859117898,0.880127249,0.875925379,ANK-02,0.595505618
CE V6.1,2.62,4.31,CE,P180,ANK,2,2017,5,0.811016755,0.11307553,0.858974536,0.880559311,0.876242356,ANK-02,0.607888631
CE V6.1,2.54,4.23,CE,P180,ANK,2,2017,6,0.879870752,0.102609388,0.86783999,0.887749607,0.883767684,ANK-02,0.600472813
CE V6.1,2.77,4.69,CE,P180,ANK,2,2017,7,0.809959268,0.291167333,0.873018004,0.889882091,0.886509274,ANK-02,0.590618337
CE V6.1,2.72,4.66,CE,P180,ANK,2,2017,8,0.793165074,0.15345345,0.864711096,0.885550757,0.881382825,ANK-02,0.583690987
CE V6.1,2.78,4.66,CE,P180,ANK,2,2017,9,0.864786903,0.156971145,0.882522834,0.900836588,0.897173838,ANK-02,0.596566524
CE V6.1,2.66,4.35,CE,P180,ANK,2,2017,10,0.881780231,0.113119395,0.892301184,0.904762802,0.902270478,ANK-02,0.611494253
CE V6.1,2.65,4.41,CE,P180,ANK,2,2017,11,0.801497329,0.100445677,0.862518818,0.882644548,0.878619402,ANK-02,0.600907029
CE V6.1,2.63,4.35,CE,P180,ANK,2,2017,12,0.843947377,0.097218589,0.869076886,0.885802688,0.882457527,ANK-02,0.604597701
CE V6.1,2.99,4.95,CE,P180,ANK,3,2016,1,0.79204726,0.095850273,0.869579074,0.891234419,0.88690335,ANK-03,0.604040404
CE V6.1,2.74,4.46,CE,P180,ANK,3,2016,3,0.799817796,0.062675147,0.871780245,0.889103086,0.885638518,ANK-03,0.614349776
CE V6.1,2.75,4.51,CE,P180,ANK,3,2016,4,0.836547086,0.103086285,0.883511348,0.898241716,0.895295642,ANK-03,0.609756098
CE V6.1,2.6,4.44,CE,P180,ANK,3,2017,1,0.781036076,0.102513149,0.86948428,0.884580889,0.881561568,ANK-03,0.585585586
CE V6.1,2.64,4.23,CE,P180,ANK,3,2017,2,0.713947242,0.088651053,0.84728382,0.872150876,0.867177465,ANK-03,0.624113475
CE V6.1,2.65,4.43,CE,P180,ANK,3,2017,3,0.730672778,0.078509499,0.848142983,0.869293013,0.865063007,ANK-03,0.598194131
CE V6.1,2.82,4.72,CE,P180,ANK,3,2017,4,0.730573878,0.101042336,0.852206505,0.878432277,0.873187122,ANK-03,0.597457627
CE V6.1,2.71,4.5,CE,P180,ANK,3,2017,5,0.716523953,0.096731608,0.856036681,0.87809304,0.873681768,ANK-03,0.602222222
CE V6.1,2.98,5.28,CE,P180,ANK,3,2017,6,0.673284068,NA,0.855854195,0.879873357,0.875069525,ANK-03,0.564393939
CE V6.1,3.15,5.39,CE,P180,ANK,3,2017,7,0.723276472,0.20606496,0.864556729,0.88984795,0.884789706,ANK-03,0.584415584
CE V6.1,3.14,5.45,CE,P180,ANK,3,2017,8,0.754069432,0.192203111,0.870603259,0.895058795,0.890167688,ANK-03,0.576146789
CE V6.1,3.12,5.31,CE,P180,ANK,3,2017,9,0.770680361,0.187096285,0.874398085,0.898874549,0.893979256,ANK-03,0.587570621
CE V6.1,2.99,5.19,CE,P180,ANK,3,2017,10,0.728986061,0.215389818,0.854085951,0.8830699,0.87727311,ANK-03,0.5761079
CE V6.1,2.75,4.72,CE,P180,ANK,3,2017,11,0.744467465,0.205515989,0.847901916,0.873375495,0.868280779,ANK-03,0.582627119
CE V6.1,2.89,5,CE,P180,ANK,3,2017,12,0.788834541,0.184483429,0.868282566,0.889025958,0.884877279,ANK-03,0.578
CE V6.1,2.41,3.96,CE,P180,BOB,1,2012,3,0.648377932,0.168193077,0.847001359,0.852213607,0.851171158,BOB-01,0.608585859
CE V6.1,2.4,4.04,CE,P180,BOB,1,2012,4,0.772511279,0.14767371,0.84293997,0.857885607,0.85489648,BOB-01,0.594059406
CE V6.1,2.32,3.88,CE,P180,BOB,1,2012,5,0.805104253,0.181377361,0.847348001,0.860469274,0.857845019,BOB-01,0.597938144
CE V6.1,2.24,3.68,CE,P180,BOB,1,2012,6,0.821053764,0.146595002,0.833181231,0.850005834,0.846640914,BOB-01,0.608695652
CE V6.1,2.5,4.44,CE,P180,BOB,1,2012,7,0.844795185,0.17473528,0.862200609,0.876834523,0.87390774,BOB-01,0.563063063
CE V6.1,2.49,4.27,CE,P180,BOB,1,2012,8,0.815965804,0.148099179,0.856118348,0.872361304,0.869112713,BOB-01,0.583138173
CE V6.1,2.26,3.72,CE,P180,BOB,1,2012,9,0.797249244,0.145623391,0.83850338,0.854600562,0.851381126,BOB-01,0.607526882
CE V6.1,2.27,3.77,CE,P180,BOB,1,2012,10,0.791285796,0.129516432,0.839976446,0.854022116,0.851212982,BOB-01,0.602122016
CE V6.1,2.71,5.02,CE,P180,BOB,1,2012,11,0.744776626,0.233550884,0.849934461,0.868949692,0.865146645,BOB-01,0.539840637
CE V6.1,2.26,3.77,CE,P180,BOB,1,2012,12,0.816554456,0.13641664,0.839582769,0.856602118,0.853198248,BOB-01,0.599469496
CE V6.1,2.26,3.72,CE,P180,BOB,1,2013,2,0.706221043,0.132699089,0.807644964,0.82876836,0.824543681,BOB-01,0.607526882
CE V6.1,2.5,4.4,CE,P180,BOB,1,2013,11,0.804006897,0.139605807,0.867621521,0.877273233,0.87534289,BOB-01,0.568181818
CE V6.1,2.12,3.45,CE,P180,BOB,1,2014,1,0.742968693,0.106340027,0.826404787,0.837871335,0.835578025,BOB-01,0.614492754
CE V6.1,2.15,3.55,CE,P180,BOB,1,2014,2,0.711564037,0.064932843,0.826576604,0.838022407,0.835733246,BOB-01,0.605633803
CE V6.1,2.24,3.72,CE,P180,BOB,1,2014,3,0.748404527,0.054034125,0.842180975,0.851576898,0.849697713,BOB-01,0.602150538
CE V6.1,2.36,4.08,CE,P180,BOB,1,2014,4,0.726246936,0.07449073,0.855446332,0.861130308,0.859993513,BOB-01,0.578431373
CE V6.1,2.48,4.4,CE,P180,BOB,1,2014,5,0.772145105,0.06716875,0.856438351,0.86754447,0.865323246,BOB-01,0.563636364
CE V6.1,2.34,3.94,CE,P180,BOB,2,2012,5,0.680088068,0.085815381,0.836713618,0.848341443,0.846015878,BOB-02,0.593908629
CE V6.1,2.7,4.78,CE,P180,BOB,2,2012,7,0.699163994,0.165712462,0.865832931,0.872872284,0.871464414,BOB-02,0.564853556
CE V6.1,2.61,4.51,CE,P180,BOB,2,2012,8,0.715906411,0.118606681,0.87062416,0.87551783,0.874539096,BOB-02,0.578713969
CE V6.1,2.78,4.95,CE,P180,BOB,2,2012,9,0.725032803,0.145765787,0.861658598,0.874853853,0.872214802,BOB-02,0.561616162
CE V6.1,2.41,3.96,CE,P180,BOB,2,2012,11,0.73106903,0.121992593,0.846650833,0.856433803,0.854477209,BOB-02,0.608585859
CE V6.1,2.23,3.51,CE,P180,BOB,2,2012,12,0.679248286,0.080618817,0.820795557,0.830818048,0.82881355,BOB-02,0.635327635
CE V6.1,2.28,3.71,CE,P180,BOB,2,2013,1,0.687509641,0.090843272,0.809644877,0.826959101,0.823496256,BOB-02,0.614555256
CE V6.1,2.37,4.01,CE,P180,BOB,2,2013,3,0.709754178,0.081206221,0.826543307,0.841366568,0.838401916,BOB-02,0.591022444
CE V6.1,2.38,3.93,CE,P180,BOB,2,2013,4,0.700320667,0.113748457,0.823699497,0.839892504,0.836653903,BOB-02,0.605597964
CE V6.1,2.5,4.13,CE,P180,BOB,2,2013,5,0.705689213,0.104870549,0.841622056,0.853553366,0.851167104,BOB-02,0.605326877
CE V6.1,2.29,3.86,CE,P180,BOB,2,2013,6,0.720164993,0.104250402,0.850177496,0.856219509,0.855011107,BOB-02,0.593264249
CE V6.1,2.46,4.34,CE,P180,BOB,2,2013,10,0.574410599,0.090468348,0.863544721,0.861585053,0.861976987,BOB-02,0.566820276
CE V6.1,2.29,3.82,CE,P180,BOB,2,2014,1,0.713290388,0.080037414,0.844334338,0.851739801,0.850258708,BOB-02,0.59947644
CE V6.1,2.22,3.74,CE,P180,BOB,2,2014,2,0.699883249,0.063701041,0.836183763,0.845498743,0.843635747,BOB-02,0.593582888
CE V6.1,2.46,4.35,CE,P180,BOB,2,2014,3,0.641725098,0.082293792,0.840533182,0.848545652,0.846943158,BOB-02,0.565517241
CE V6.1,2.27,3.82,CE,P180,BOB,2,2014,4,0.643128552,0.09743848,0.832647369,0.841315639,0.839581985,BOB-02,0.594240838
CE V6.1,2.78,4.76,CE,P180,BOB,2,2014,5,0.684054647,0.078671131,0.878090163,0.881683989,0.880965224,BOB-02,0.584033613
CE V6.1,2.17,3.41,CE,P180,BOB,3,2012,3,0.764727521,0.092235443,0.810307712,0.83049456,0.82645719,BOB-03,0.636363636
CE V6.1,2.05,3.36,CE,P180,BOB,3,2012,4,0.77255384,0.101401078,0.817564035,0.836292043,0.832546441,BOB-03,0.610119048
CE V6.1,2.15,3.58,CE,P180,BOB,3,2012,5,0.768901652,0.097526404,0.831926228,0.846264119,0.843396541,BOB-03,0.600558659
CE V6.1,2.6,4.78,CE,P180,BOB,3,2012,7,0.757739601,0.120821034,0.859885076,0.872297808,0.869815262,BOB-03,0.543933054
CE V6.1,2.48,4.38,CE,P180,BOB,3,2012,8,0.742956969,0.106807676,0.857595108,0.868645896,0.866435739,BOB-03,0.566210046
CE V6.1,2.24,3.79,CE,P180,BOB,3,2012,9,0.767230248,0.126599908,0.841696806,0.854107523,0.85162538,BOB-03,0.591029024
CE V6.1,2.23,3.83,CE,P180,BOB,3,2012,10,0.775681337,0.11135158,0.84693158,0.859952423,0.857348254,BOB-03,0.582245431
CE V6.1,2.67,4.9,CE,P180,BOB,3,2012,11,0.728985666,0.196834959,0.84792129,0.868556348,0.864429337,BOB-03,0.544897959
CE V6.1,2.32,3.87,CE,P180,BOB,3,2012,12,0.766328492,0.113697587,0.839329778,0.85389445,0.850981515,BOB-03,0.599483204
CE V6.1,2.22,3.68,CE,P180,BOB,3,2013,1,0.739821502,0.09053257,0.82449469,0.844583231,0.840565523,BOB-03,0.60326087
CE V6.1,2.34,3.81,CE,P180,BOB,3,2013,2,0.674100164,0.087450113,0.808410101,0.833219152,0.828257342,BOB-03,0.614173228
CE V6.1,0.7,0.7,CE,P180,BOB,3,2013,4,0.767426388,NA,0.836119202,0.849877662,0.84712597,BOB-03,1
CE V6.1,2.52,4.47,CE,P180,BOB,3,2013,7,0.796884529,0.083274316,0.872419108,0.882023954,0.880102985,BOB-03,0.563758389
CE V6.1,2.3,3.9,CE,P180,BOB,3,2013,8,0.7654252,0.115754684,0.848666257,0.861940044,0.859285286,BOB-03,0.58974359
CE V6.1,2.15,3.49,CE,P180,BOB,3,2013,10,0.802878025,0.099544408,0.836778946,0.848020291,0.845772022,BOB-03,0.616045845
CE V6.1,2.59,4.55,CE,P180,BOB,3,2013,11,0.773687401,0.116481964,0.861364636,0.87602759,0.873095,BOB-03,0.569230769
CE V6.1,2.33,4.05,CE,P180,BOB,3,2014,1,0.795071144,0.119040906,0.856290329,0.869214271,0.866629483,BOB-03,0.575308642
CE V6.1,2.17,3.62,CE,P180,BOB,3,2014,2,0.7545881,0.066221636,0.822262288,0.839586051,0.836121298,BOB-03,0.599447514
CE V6.1,2.06,3.36,CE,P180,BOB,3,2014,3,0.751886851,0.051364394,0.828079253,0.838621232,0.836512836,BOB-03,0.613095238
CE V6.1,2.26,3.9,CE,P180,BOB,3,2014,4,0.764792742,0.078354877,0.840800082,0.857061254,0.85380902,BOB-03,0.579487179
CE V6.1,2.46,4.37,CE,P180,BOB,3,2014,5,0.768856296,0.067900724,0.854720822,0.868541694,0.86577752,BOB-03,0.562929062
CE V6.1,2.37,4.08,CE,P180,BOB,4,2012,5,0.775954336,0.187301436,0.843283913,0.860172498,0.856794781,BOB-04,0.580882353
CE V6.1,2.64,4.69,CE,P180,BOB,4,2012,7,0.7809102,0.13770723,0.859482335,0.874601717,0.871577841,BOB-04,0.562899787
CE V6.1,2.64,4.7,CE,P180,BOB,4,2012,8,0.718542309,0.224729656,0.85797081,0.870305284,0.867838389,BOB-04,0.561702128
CE V6.1,2.48,4.37,CE,P180,BOB,4,2012,9,0.734951902,0.152417515,0.843654617,0.859023025,0.855949343,BOB-04,0.567505721
CE V6.1,2.6,4.59,CE,P180,BOB,4,2012,10,0.502947791,0.405075017,0.797932865,0.818709534,0.8145542,BOB-04,0.566448802
CE V6.1,2.34,3.98,CE,P180,BOB,4,2012,11,0.740627252,0.170712115,0.842114718,0.854796052,0.852259785,BOB-04,0.587939698
CE V6.1,2.22,3.73,CE,P180,BOB,4,2012,12,0.735621263,0.171470287,0.821992712,0.838527562,0.835220592,BOB-04,0.595174263
CE V6.1,2.42,4.07,CE,P180,BOB,4,2013,1,0.726291549,0.139814155,0.821963669,0.844081454,0.839657897,BOB-04,0.594594595
CE V6.1,2.35,4.03,CE,P180,BOB,4,2013,3,0.735610528,0.131825345,0.830856136,0.848893176,0.845285768,BOB-04,0.583126551
CE V6.1,2.46,4.2,CE,P180,BOB,4,2013,4,0.693005282,0.124051053,0.836372539,0.852617462,0.849368477,BOB-04,0.585714286
CE V6.1,2.39,4.14,CE,P180,BOB,4,2013,5,0.823629882,0.166013018,0.853451306,0.865865777,0.863382883,BOB-04,0.577294686
CE V6.1,2.41,4.2,CE,P180,BOB,4,2013,6,0.798769821,0.127406782,0.84994305,0.865834993,0.862656605,BOB-04,0.573809524
CE V6.1,2.29,3.88,CE,P180,BOB,4,2013,10,0.788210378,0.10577425,0.841587598,0.855355812,0.852602169,BOB-04,0.590206186
CE V6.1,2.46,4.23,CE,P180,BOB,4,2013,12,0.822074198,0.127809399,0.851741963,0.869957763,0.866314603,BOB-04,0.581560284
CE V6.1,2.46,4.24,CE,P180,BOB,4,2014,1,0.73603743,0.135890069,0.851238129,0.864551237,0.861888615,BOB-04,0.580188679
CE V6.1,2.17,3.79,CE,P180,BOB,4,2014,2,0.746643835,0.077719862,0.797637098,0.822675485,0.817667808,BOB-04,0.572559367
CE V6.1,2.32,4.27,CE,P180,BOB,4,2014,3,0.778230929,0.116023241,0.826018858,0.847386891,0.843113284,BOB-04,0.543325527
CE V6.1,2.44,4.48,CE,P180,BOB,4,2014,4,0.758012242,0.114688077,0.828388151,0.850888004,0.846388033,BOB-04,0.544642857
CE V6.1,2.31,4.21,CE,P180,BOB,4,2014,5,0.759835449,0.106285221,0.819993925,0.844346572,0.839476042,BOB-04,0.548693587
CE V6.1,2.13,3.54,CE,P180,BOB,5,2012,3,0.703588813,0.088417086,0.826634622,0.838646083,0.836243791,BOB-05,0.601694915
CE V6.1,2.02,3.31,CE,P180,BOB,5,2012,4,0.714564051,0.075888175,0.822895503,0.832214164,0.830350432,BOB-05,0.610271903
CE V6.1,2.32,3.84,CE,P180,BOB,5,2012,5,0.745147415,0.09198429,0.843354997,0.853934859,0.851818887,BOB-05,0.604166667
CE V6.1,2.6,4.63,CE,P180,BOB,5,2012,7,0.793497132,0.146378224,0.872922846,0.884705406,0.882348894,BOB-05,0.561555076
CE V6.1,2.46,4.4,CE,P180,BOB,5,2012,8,0.789577679,0.12968038,0.861017751,0.873089257,0.870674956,BOB-05,0.559090909
CE V6.1,2.59,4.66,CE,P180,BOB,5,2012,9,0.788784431,0.195047802,0.86204083,0.877134398,0.874115684,BOB-05,0.555793991
CE V6.1,2.49,4.31,CE,P180,BOB,5,2012,10,0.722419483,0.114610405,0.861047792,0.873853328,0.87129222,BOB-05,0.577726218
CE V6.1,2.36,3.98,CE,P180,BOB,5,2012,11,0.764818139,0.090104014,0.852036561,0.863431073,0.861152171,BOB-05,0.592964824
CE V6.1,2.27,3.66,CE,P180,BOB,5,2013,1,0.753682482,0.078934135,0.826939928,0.846663375,0.842718686,BOB-05,0.620218579
CE V6.1,2.35,4.01,CE,P180,BOB,5,2013,3,0.741247181,0.100217513,0.831914584,0.849817908,0.846237243,BOB-05,0.586034913
CE V6.1,2.04,3.22,CE,P180,BOB,5,2013,5,0.764424431,0.084809992,0.830475216,0.837740586,0.836287512,BOB-05,0.633540373
CE V6.1,2.29,3.83,CE,P180,BOB,5,2013,6,0.771786685,0.102774189,0.849270648,0.860007758,0.857860336,BOB-05,0.597911227
CE V6.1,2.59,4.66,CE,P180,BOB,5,2013,7,0.725125582,0.118128216,0.861649533,0.872027145,0.869951623,BOB-05,0.555793991
CE V6.1,2.2,3.7,CE,P180,BOB,5,2013,8,0.796263005,0.098433125,0.857755602,0.861834499,0.86101872,BOB-05,0.594594595
CE V6.1,2.31,3.86,CE,P180,BOB,5,2014,1,0.795373441,0.078875707,0.853355534,0.865495202,0.863067269,BOB-05,0.598445596
CE V6.1,2.15,3.61,CE,P180,BOB,5,2014,2,0.784605941,0.048958679,0.837133147,0.845206747,0.843592027,BOB-05,0.595567867
CE V6.1,2.43,4.49,CE,P180,BOB,5,2014,3,0.776916915,0.103897298,0.856340364,0.87057472,0.867727849,BOB-05,0.541202673
CE V6.1,2.23,4.51,CE,P180,BOB,5,2014,4,0.754323791,0.132384293,0.810306179,0.834271805,0.82947868,BOB-05,0.494456763
CE V6.1,2.13,3.41,CE,P180,BOB,6,2012,3,0.671886878,0.102328564,0.829316499,0.836743938,0.83525845,BOB-06,0.624633431
CE V6.1,2.09,3.39,CE,P180,BOB,6,2012,4,0.715072174,0.083204795,0.821381103,0.832944905,0.830632144,BOB-06,0.616519174
CE V6.1,2.16,3.54,CE,P180,BOB,6,2012,5,0.783098522,0.102857648,0.839802007,0.851052622,0.848802499,BOB-06,0.610169492
CE V6.1,2.42,4.11,CE,P180,BOB,6,2012,6,0.897305247,0.128766416,0.865944052,0.880668513,0.877723621,BOB-06,0.588807786
CE V6.1,2.46,4.39,CE,P180,BOB,6,2012,7,0.79211095,0.142462124,0.869344952,0.877943525,0.876223811,BOB-06,0.560364465
CE V6.1,2.52,4.57,CE,P180,BOB,6,2012,8,0.702831458,0.162788613,0.860893268,0.867961591,0.866547927,BOB-06,0.551422319
CE V6.1,2.65,4.85,CE,P180,BOB,6,2012,9,0.713900488,0.174692053,0.863120235,0.874899227,0.872543429,BOB-06,0.546391753
CE V6.1,2.39,4.11,CE,P180,BOB,6,2012,10,0.824096797,0.123483443,0.864984084,0.876489508,0.874188423,BOB-06,0.581508516
CE V6.1,2.46,4.23,CE,P180,BOB,6,2012,11,0.787553007,0.098126337,0.836660376,0.855538078,0.851762538,BOB-06,0.581560284
CE V6.1,2.3,3.88,CE,P180,BOB,6,2012,12,0.788047418,0.111968344,0.843720133,0.858433295,0.855490663,BOB-06,0.592783505
CE V6.1,2.27,3.77,CE,P180,BOB,6,2013,3,0.752172483,0.091632635,0.836835202,0.850517548,0.847781079,BOB-06,0.602122016
CE V6.1,2.08,3.3,CE,P180,BOB,6,2013,5,0.778820455,0.095101765,0.830205119,0.840474888,0.838420934,BOB-06,0.63030303
CE V6.1,2.36,3.99,CE,P180,BOB,6,2013,6,0.785293924,0.112551521,0.857317194,0.864145006,0.862779444,BOB-06,0.591478697
CE V6.1,2.53,4.59,CE,P180,BOB,6,2013,7,0.730046886,0.108218605,0.857469472,0.867130147,0.865198012,BOB-06,0.551198257
CE V6.1,2.3,3.96,CE,P180,BOB,6,2014,1,0.841518217,0.100734152,0.852253398,0.864129929,0.861754623,BOB-06,0.580808081
CE V6.1,2.1,3.66,CE,P180,BOB,6,2014,2,0.767854253,0.081440259,0.815670152,0.833910799,0.83026267,BOB-06,0.573770492
CE V6.1,2.38,4.43,CE,P180,BOB,6,2014,3,0.778013288,0.119793741,0.853517389,0.865239877,0.86289538,BOB-06,0.53724605
CE V6.1,2.53,4.32,CE,P180,BOB,1,2013,1,0.782728168,0.154930949,0.853989999,0.869610904,0.866486723,BOB-01,0.585648148
CE V6.1,2.57,4.45,CE,P180,BOB,1,2013,3,0.722946683,0.164290386,0.842722519,0.86028292,0.85677084,BOB-01,0.57752809
CE V6.1,2.82,4.97,CE,P180,BOB,1,2013,4,0.707372472,0.135287877,0.859730746,0.8744745,0.871525749,BOB-01,0.567404427
CE V6.1,2.64,4.62,CE,P180,BOB,1,2013,5,0.748918645,0.11284227,0.859109172,0.870944072,0.868577092,BOB-01,0.571428571
CE V6.1,2.59,4.46,CE,P180,BOB,1,2013,6,0.745695185,0.114158373,0.863440229,0.871790788,0.870120676,BOB-01,0.580717489
CE V6.1,2.79,4.91,CE,P180,BOB,1,2013,7,0.74713845,0.091778378,0.87887047,0.886278167,0.884796628,BOB-01,0.568228106
CE V6.1,2.77,4.83,CE,P180,BOB,1,2013,8,0.757293834,0.149495986,0.873498985,0.881529865,0.879923689,BOB-01,0.573498965
CE V6.1,2.61,4.6,CE,P180,BOB,1,2013,10,0.811129537,0.148822073,0.861289667,0.874848617,0.872136827,BOB-01,0.567391304
CE V6.1,2.47,4.12,CE,P180,BOB,1,2013,12,0.800914111,0.117129281,0.854915996,0.869720561,0.866759648,BOB-01,0.599514563
CE V6.1,2.89,5.12,CE,P180,BOB,1,2014,6,0.870209667,0.137630286,0.88781128,0.901397578,0.898680318,BOB-01,0.564453125
CE V6.1,2.76,4.83,CE,P180,BOB,1,2014,7,0.832806091,0.148702352,0.882559775,0.893765966,0.891524728,BOB-01,0.571428571
CE V6.1,2.89,5.12,CE,P180,BOB,1,2014,8,0.85964043,0.132695168,0.8886372,0.901257159,0.898733167,BOB-01,0.564453125
CE V6.1,2.81,4.91,CE,P180,BOB,1,2014,9,0.760648755,0.099261007,0.884682438,0.89152984,0.890160359,BOB-01,0.572301426
CE V6.1,2.95,5.08,CE,P180,BOB,1,2014,10,0.817021745,0.110334477,0.897818651,0.906865574,0.905056189,BOB-01,0.580708661
CE V6.1,2.39,3.92,CE,P180,BOB,1,2014,11,0.830906489,0.083208903,0.878898598,0.884760667,0.883588253,BOB-01,0.609693878
CE V6.1,2.95,5.06,CE,P180,BOB,1,2014,12,0.818730219,0.091487974,0.900651805,0.908559749,0.90697816,BOB-01,0.583003953
CE V6.1,2.6,4.29,CE,P180,BOB,1,2015,1,0.783809429,0.077273246,0.868807732,0.87941949,0.877297138,BOB-01,0.606060606
CE V6.1,2.44,3.98,CE,P180,BOB,1,2015,2,0.763722206,0.079839972,0.850849252,0.86659245,0.86344381,BOB-01,0.613065327
CE V6.1,2.5,4.14,CE,P180,BOB,1,2015,3,0.795273796,0.099116146,0.865861754,0.877671153,0.875309273,BOB-01,0.603864734
CE V6.1,2.68,4.5,CE,P180,BOB,1,2015,4,0.831607888,0.15395841,0.888712551,0.899598964,0.897421682,BOB-01,0.595555556
CE V6.1,2.82,4.96,CE,P180,BOB,1,2015,6,0.822415378,0.092858403,0.880788474,0.895549176,0.892597036,BOB-01,0.568548387
CE V6.1,2.97,5.22,CE,P180,BOB,1,2015,8,0.83012161,0.142045328,0.867897548,0.88842455,0.88431915,BOB-01,0.568965517
CE V6.1,2.8,4.8,CE,P180,BOB,1,2015,9,0.839126555,0.093761406,0.89764771,0.906520429,0.904745885,BOB-01,0.583333333
CE V6.1,2.79,4.87,CE,P180,BOB,1,2015,10,0.75304489,0.113753361,0.878685289,0.889548211,0.887375626,BOB-01,0.572895277
CE V6.1,2.45,4,CE,P180,BOB,1,2015,11,0.784902694,0.079115507,0.848426393,0.863868906,0.860780403,BOB-01,0.6125
CE V6.1,2.61,4.44,CE,P180,BOB,1,2015,12,0.821135242,0.11406902,0.884813603,0.893771419,0.891979856,BOB-01,0.587837838
CE V6.1,2.61,4.36,CE,P180,BOB,1,2016,1,0.721516994,0.089975713,0.853575607,0.868641364,0.865628213,BOB-01,0.598623853
CE V6.1,2.53,4.26,CE,P180,BOB,1,2016,2,0.731993749,0.079734158,0.836555163,0.85744512,0.853267129,BOB-01,0.593896714
CE V6.1,2.5,4.25,CE,P180,BOB,1,2016,3,0.752443297,0.067215123,0.84997788,0.86625909,0.863002848,BOB-01,0.588235294
CE V6.1,2.74,4.81,CE,P180,BOB,1,2016,4,0.796496333,0.115568183,0.880775163,0.892114185,0.889846381,BOB-01,0.56964657
CE V6.1,2.45,4.04,CE,P180,BOB,1,2017,1,0.715021925,0.102978096,0.842940687,0.856761818,0.853997592,BOB-01,0.606435644
CE V6.1,2.54,4.29,CE,P180,BOB,1,2017,2,0.739338927,0.11827616,0.843332444,0.861205,0.857630489,BOB-01,0.592074592
CE V6.1,2.39,3.9,CE,P180,BOB,1,2017,3,0.720218455,0.106887901,0.829014213,0.846950428,0.843363185,BOB-01,0.612820513
CE V6.1,2.48,4.07,CE,P180,BOB,1,2017,4,0.660826686,0.117979128,0.848723219,0.855696055,0.854301487,BOB-01,0.609336609
CE V6.1,2.57,4.46,CE,P180,BOB,1,2017,5,0.787012749,0.109799834,0.851123411,0.866987687,0.863814832,BOB-01,0.576233184
CE V6.1,2.76,4.8,CE,P180,BOB,1,2017,6,0.784257722,0.113788117,0.878602091,0.886525222,0.884940596,BOB-01,0.575
CE V6.1,2.89,5.39,CE,P180,BOB,1,2017,7,0.709483681,0.164052017,0.872506568,0.881938413,0.880052044,BOB-01,0.536178108
CE V6.1,3.01,5.29,CE,P180,BOB,1,2017,8,0.78859363,0.15410601,0.896130512,0.905052444,0.903268057,BOB-01,0.56899811
CE V6.1,3.02,5.33,CE,P180,BOB,1,2017,9,0.701178932,0.18620335,0.855827572,0.876736175,0.872554455,BOB-01,0.566604128
CE V6.1,2.74,4.82,CE,P180,BOB,1,2017,10,0.743309193,0.127130825,0.874250476,0.886083324,0.883716755,BOB-01,0.56846473
CE V6.1,2.65,4.57,CE,P180,BOB,1,2017,12,0.797629668,0.092248658,0.867309197,0.881257478,0.878467822,BOB-01,0.579868709
CE V6.1,2.7,4.23,CE,P180,BOB,2,2013,2,0.644009279,0.098916682,0.801591649,0.830567379,0.824772233,BOB-02,0.638297872
CE V6.1,2.98,5.13,CE,P180,BOB,2,2013,7,0.727881528,0.079862811,0.885984534,0.894739184,0.892988254,BOB-02,0.580896686
CE V6.1,2.96,5.13,CE,P180,BOB,2,2013,8,0.729475764,0.10653866,0.885643712,0.895418402,0.893463464,BOB-02,0.576998051
CE V6.1,3.08,5.23,CE,P180,BOB,2,2013,11,0.818898305,0.126096295,0.904692982,0.912793151,0.911173117,BOB-02,0.588910134
CE V6.1,2.86,4.88,CE,P180,BOB,2,2013,12,0.754445576,0.127047513,0.885502424,0.893306657,0.89174581,BOB-02,0.586065574
CE V6.1,3,5.22,CE,P180,BOB,2,2014,6,0.715599158,0.102264692,0.873256194,0.886058822,0.883498296,BOB-02,0.574712644
CE V6.1,3.09,5.33,CE,P180,BOB,2,2014,7,0.710860144,0.148748915,0.881232155,0.894812699,0.89209659,BOB-02,0.579737336
CE V6.1,3.38,5.71,CE,P180,BOB,2,2014,8,0.73773233,0.169043007,0.907045201,0.915226622,0.913590338,BOB-02,0.591943958
CE V6.1,2.97,5.14,CE,P180,BOB,2,2014,9,0.620896045,0.146973308,0.880764719,0.88577073,0.884769528,BOB-02,0.577821012
CE V6.1,2.84,4.88,CE,P180,BOB,2,2014,11,0.671148397,0.131657441,0.885033381,0.891114922,0.889898614,BOB-02,0.581967213
CE V6.1,2.77,4.74,CE,P180,BOB,2,2014,12,0.702409635,0.092298097,0.883714677,0.889403997,0.888266133,BOB-02,0.584388186
CE V6.1,3.06,5.22,CE,P180,BOB,2,2015,1,0.660742081,0.153474093,0.892272607,0.897431346,0.896399598,BOB-02,0.586206897
CE V6.1,2.64,4.28,CE,P180,BOB,2,2015,2,0.610047708,0.072594769,0.823313876,0.84174044,0.838055127,BOB-02,0.61682243
CE V6.1,2.65,4.43,CE,P180,BOB,2,2015,3,0.715343595,0.147929177,0.849904127,0.867231765,0.863766237,BOB-02,0.598194131
CE V6.1,2.78,4.66,CE,P180,BOB,2,2015,4,0.655615326,0.140155148,0.859512561,0.870048903,0.867941634,BOB-02,0.596566524
CE V6.1,2.76,4.72,CE,P180,BOB,2,2015,5,0.76630213,0.128743993,0.872480958,0.8854513,0.882857232,BOB-02,0.584745763
CE V6.1,3.15,5.38,CE,P180,BOB,2,2015,8,0.702958479,0.089533554,0.889211275,0.89888178,0.896947679,BOB-02,0.585501859
CE V6.1,3.1,5.38,CE,P180,BOB,2,2015,9,0.675842892,0.134935767,0.870057775,0.885993536,0.882806384,BOB-02,0.576208178
CE V6.1,2.91,5.12,CE,P180,BOB,2,2015,10,0.660810406,0.211108822,0.872475028,0.880593921,0.878970142,BOB-02,0.568359375
CE V6.1,2.88,5.02,CE,P180,BOB,2,2015,11,0.7058629,0.137319821,0.885960853,0.890495616,0.889588664,BOB-02,0.573705179
CE V6.1,2.68,4.45,CE,P180,BOB,2,2015,12,0.681409169,0.118957717,0.823728568,0.845170069,0.840881769,BOB-02,0.602247191
CE V6.1,2.68,4.45,CE,P180,BOB,2,2016,1,0.681409169,0.118957717,0.823728568,0.845170069,0.840881769,BOB-02,0.602247191
CE V6.1,2.73,4.56,CE,P180,BOB,2,2016,3,0.638527076,0.123085376,0.854391448,0.864807805,0.862724534,BOB-02,0.598684211
CE V6.1,3.35,5.79,CE,P180,BOB,2,2016,4,0.610398471,0.196925134,0.878247857,0.884501273,0.88325059,BOB-02,0.578583765
CE V6.1,2.29,3.72,CE,P180,BOB,2,2017,1,0.717524311,0.084750401,0.833882395,0.846419513,0.843912089,BOB-02,0.615591398
CE V6.1,2.48,3.97,CE,P180,BOB,2,2017,2,0.634615574,0.086936257,0.808614339,0.829758393,0.825529582,BOB-02,0.624685139
CE V6.1,2.41,3.73,CE,P180,BOB,2,2017,3,0.603413633,0.102248283,0.823207542,0.83488132,0.832546565,BOB-02,0.646112601
CE V6.1,2.54,4.27,CE,P180,BOB,2,2017,4,0.654393543,0.123013805,0.852058147,0.864401558,0.861932876,BOB-02,0.594847775
CE V6.1,2.57,4.36,CE,P180,BOB,2,2017,5,0.737194084,0.136293072,0.854630078,0.866877218,0.86442779,BOB-02,0.589449541
CE V6.1,3,5.17,CE,P180,BOB,2,2017,6,0.707433573,0.137364233,0.888258037,0.89553986,0.894083495,BOB-02,0.580270793
CE V6.1,3.07,5.28,CE,P180,BOB,2,2017,7,0.707910342,0.124149657,0.893658588,0.89982333,0.898590382,BOB-02,0.581439394
CE V6.1,3.2,5.44,CE,P180,BOB,2,2017,8,0.774675715,0.131708746,0.911302947,0.91634687,0.915338085,BOB-02,0.588235294
CE V6.1,2.95,5.16,CE,P180,BOB,2,2017,9,0.670679214,0.181324969,0.877855218,0.88597874,0.884354035,BOB-02,0.571705426
CE V6.1,2.84,4.83,CE,P180,BOB,2,2017,10,0.684957174,0.112447975,0.887898588,0.891815843,0.891032392,BOB-02,0.587991718
CE V6.1,3.04,5.13,CE,P180,BOB,2,2017,12,0.743126829,0.114656541,0.900226169,0.907410855,0.905973918,BOB-02,0.592592593
CE V6.1,2.79,4.76,CE,P180,BOB,3,2013,3,0.687290592,0.105462274,0.845115538,0.86511508,0.861115172,BOB-03,0.586134454
CE V6.1,2.42,3.98,CE,P180,BOB,3,2013,5,0.801764116,0.101863263,0.85649152,0.871031046,0.868123141,BOB-03,0.608040201
CE V6.1,2.41,3.93,CE,P180,BOB,3,2013,6,0.777509705,0.116290404,0.851633055,0.865956864,0.863092102,BOB-03,0.613231552
CE V6.1,2.85,4.8,CE,P180,BOB,3,2013,12,0.848762409,0.113724326,0.898760423,0.909297973,0.907190463,BOB-03,0.59375
CE V6.1,3.06,5.4,CE,P180,BOB,3,2014,6,0.812769232,0.075111828,0.891592673,0.905732259,0.902904342,BOB-03,0.566666667
CE V6.1,2.82,5.01,CE,P180,BOB,3,2014,7,0.794465393,0.116955912,0.890541036,0.900258404,0.89831493,BOB-03,0.562874251
CE V6.1,2.93,5.21,CE,P180,BOB,3,2014,8,0.741126507,0.117975308,0.872059453,0.887814956,0.884663855,BOB-03,0.562380038
CE V6.1,2.87,5.14,CE,P180,BOB,3,2014,9,0.765083991,0.157425703,0.883975539,0.894813169,0.892645643,BOB-03,0.558365759
CE V6.1,2.54,4.48,CE,P180,BOB,3,2014,11,0.850152359,0.115051537,0.879321038,0.892694645,0.890019924,BOB-03,0.566964286
CE V6.1,2.69,4.88,CE,P180,BOB,3,2014,12,0.830389754,0.159277553,0.874640769,0.890492242,0.887321947,BOB-03,0.551229508
CE V6.1,2.72,4.66,CE,P180,BOB,3,2015,1,0.738834008,0.103794398,0.866339589,0.881743429,0.878662661,BOB-03,0.583690987
CE V6.1,2.54,4.3,CE,P180,BOB,3,2015,2,0.775031477,0.093317018,0.848356449,0.867374496,0.863570887,BOB-03,0.590697674
CE V6.1,2.66,4.58,CE,P180,BOB,3,2015,3,0.771645395,0.082466397,0.85424774,0.874755766,0.870654161,BOB-03,0.580786026
CE V6.1,2.55,4.23,CE,P180,BOB,3,2015,4,0.77041179,0.101078411,0.854345699,0.874200256,0.870229344,BOB-03,0.602836879
CE V6.1,2.63,4.48,CE,P180,BOB,3,2015,5,0.735926791,0.110862472,0.872039447,0.883744944,0.881403845,BOB-03,0.587053571
CE V6.1,2.91,4.91,CE,P180,BOB,3,2015,6,0.876313801,0.094601349,0.904678468,0.9167934,0.914370414,BOB-03,0.592668024
CE V6.1,2.78,5.05,CE,P180,BOB,3,2015,7,0.713532778,0.162430322,0.883212366,0.892250095,0.89044255,BOB-03,0.55049505
CE V6.1,3.12,5.43,CE,P180,BOB,3,2015,8,0.768369359,0.121961915,0.900859356,0.910168905,0.908306995,BOB-03,0.574585635
CE V6.1,2.93,5.17,CE,P180,BOB,3,2015,9,0.72571854,0.134483279,0.877306395,0.890859267,0.888148693,BOB-03,0.566731141
CE V6.1,2.81,5,CE,P180,BOB,3,2015,10,0.750149243,0.162608705,0.870369277,0.88387059,0.881170327,BOB-03,0.562
CE V6.1,2.82,5,CE,P180,BOB,3,2015,11,0.728641614,0.102852071,0.890147673,0.895315723,0.894282113,BOB-03,0.564
CE V6.1,2.61,4.6,CE,P180,BOB,3,2016,3,0.701627589,0.149072453,0.843765711,0.859484059,0.85634039,BOB-03,0.567391304
CE V6.1,2.44,4.18,CE,P180,BOB,3,2016,4,0.759219506,0.118026948,0.865061882,0.873139372,0.871523874,BOB-03,0.583732057
CE V6.1,2.32,3.78,CE,P180,BOB,3,2017,1,0.744207983,0.090004847,0.825854546,0.842825418,0.839431244,BOB-03,0.613756614
CE V6.1,2.49,4.28,CE,P180,BOB,3,2017,2,0.738835449,0.11168503,0.840253049,0.85967913,0.855793914,BOB-03,0.581775701
CE V6.1,2.5,4.26,CE,P180,BOB,3,2017,3,0.72587294,0.112262628,0.841345631,0.859373407,0.855767852,BOB-03,0.58685446
CE V6.1,2.46,4.18,CE,P180,BOB,3,2017,4,0.711836771,0.116977574,0.852632706,0.863147832,0.861044807,BOB-03,0.588516746
CE V6.1,2.61,4.73,CE,P180,BOB,3,2017,5,0.871954119,0.151721578,0.869140057,0.887241131,0.883620916,BOB-03,0.55179704
CE V6.1,2.51,4.46,CE,P180,BOB,3,2017,6,0.83356995,0.161468748,0.863333686,0.879758201,0.876473298,BOB-03,0.562780269
CE V6.1,2.69,4.84,CE,P180,BOB,3,2017,7,0.872804775,0.166749121,0.870106612,0.887037534,0.88365135,BOB-03,0.555785124
CE V6.1,2.87,5.3,CE,P180,BOB,3,2017,8,0.852088589,0.171217132,0.878163759,0.894431842,0.891178225,BOB-03,0.541509434
CE V6.1,2.79,5.12,CE,P180,BOB,3,2017,9,0.819064154,0.167099169,0.856771812,0.879578596,0.875017239,BOB-03,0.544921875
CE V6.1,2.56,4.56,CE,P180,BOB,3,2017,10,0.868454598,0.140362599,0.863882095,0.881408405,0.877903143,BOB-03,0.561403509
CE V6.1,2.73,4.89,CE,P180,BOB,3,2017,11,0.841170904,0.146255762,0.86140692,0.882543067,0.878315838,BOB-03,0.558282209
CE V6.1,2.67,4.81,CE,P180,BOB,3,2017,12,0.866105139,0.140556499,0.868162844,0.884500633,0.881233075,BOB-03,0.555093555
CE V6.1,2.77,4.75,CE,P180,BOB,4,2013,2,0.70247167,0.152100698,0.841189541,0.864068917,0.859493042,BOB-04,0.583157895
CE V6.1,2.97,5.33,CE,P180,BOB,4,2013,7,0.802882217,0.125212987,0.875995706,0.892264211,0.88901051,BOB-04,0.557223265
CE V6.1,2.88,5.05,CE,P180,BOB,4,2013,8,0.787329608,0.136969986,0.874846004,0.891677892,0.888311515,BOB-04,0.57029703
CE V6.1,3.16,5.33,CE,P180,BOB,4,2013,11,0.794182752,0.104470747,0.878033817,0.897088783,0.89327779,BOB-04,0.592870544
CE V6.1,3.05,5.56,CE,P180,BOB,4,2014,6,0.806094641,0.208943149,0.887385233,0.902592043,0.899550681,BOB-04,0.548561151
CE V6.1,3.15,5.79,CE,P180,BOB,4,2014,7,0.749285476,0.187120129,0.875248384,0.893531581,0.889874942,BOB-04,0.544041451
CE V6.1,3.06,5.59,CE,P180,BOB,4,2014,8,0.804340483,0.209206596,0.88746998,0.902579244,0.899557391,BOB-04,0.547406082
CE V6.1,3.13,5.71,CE,P180,BOB,4,2014,9,0.657450182,NA,0.872001804,0.883816201,0.881453322,BOB-04,0.548161121
CE V6.1,2.7,4.86,CE,P180,BOB,4,2014,12,0.761287722,0.186126004,0.864007762,0.880354449,0.877085112,BOB-04,0.555555556
CE V6.1,2.78,5.04,CE,P180,BOB,4,2015,1,0.744898669,0.186322053,0.862002963,0.876837949,0.873870951,BOB-04,0.551587302
CE V6.1,2.55,4.44,CE,P180,BOB,4,2015,2,0.733117575,0.126001112,0.845531038,0.863672742,0.860044401,BOB-04,0.574324324
CE V6.1,2.82,5.11,CE,P180,BOB,4,2015,3,0.792940879,0.173694768,0.847504049,0.869571034,0.865157637,BOB-04,0.5518591
CE V6.1,2.69,4.66,CE,P180,BOB,4,2015,4,0.781702577,0.160151849,0.841130785,0.866479848,0.861410036,BOB-04,0.577253219
CE V6.1,3.19,5.86,CE,P180,BOB,4,2015,6,0.777032578,0.174270165,0.880597066,0.896457756,0.893285618,BOB-04,0.544368601
CE V6.1,3.08,5.73,CE,P180,BOB,4,2015,7,0.77767535,NA,0.866142197,0.885674286,0.881767868,BOB-04,0.537521815
CE V6.1,3.01,5.49,CE,P180,BOB,4,2015,9,0.775677519,0.227188146,0.875111498,0.889798255,0.886860904,BOB-04,0.548269581
CE V6.1,2.94,5.35,CE,P180,BOB,4,2015,10,0.777251139,0.149587316,0.864173475,0.883355448,0.879519053,BOB-04,0.54953271
CE V6.1,2.94,5.28,CE,P180,BOB,4,2015,11,0.772620033,0.200950429,0.864190241,0.881318103,0.877892531,BOB-04,0.556818182
CE V6.1,2.68,4.8,CE,P180,BOB,4,2015,12,0.782654175,0.206311629,0.843141788,0.865927206,0.861370122,BOB-04,0.558333333
CE V6.1,2.69,4.82,CE,P180,BOB,4,2016,1,0.784639798,0.206071809,0.844058485,0.866604582,0.862095362,BOB-04,0.558091286
CE V6.1,2.52,4.35,CE,P180,BOB,4,2016,2,0.725537036,0.132846914,0.825860244,0.850460767,0.845540663,BOB-04,0.579310345
CE V6.1,2.87,5.17,CE,P180,BOB,4,2016,4,0.708802608,0.132178319,0.861958491,0.876622925,0.873690038,BOB-04,0.555125725
CE V6.1,2.52,4.25,CE,P180,BOB,4,2017,1,0.739237448,0.12862682,0.843887901,0.861489382,0.857969086,BOB-04,0.592941176
CE V6.1,2.68,4.57,CE,P180,BOB,4,2017,2,0.736122127,0.12653427,0.840036777,0.860576323,0.856468414,BOB-04,0.58643326
CE V6.1,2.52,4.28,CE,P180,BOB,4,2017,3,0.754555738,0.112992061,0.839101169,0.857956251,0.854185234,BOB-04,0.588785047
CE V6.1,2.44,4.16,CE,P180,BOB,4,2017,4,0.806943146,0.125212436,0.856286505,0.869931478,0.867202483,BOB-04,0.586538462
CE V6.1,2.57,4.42,CE,P180,BOB,4,2017,5,0.817834849,0.130138004,0.860996955,0.876683167,0.873545924,BOB-04,0.581447964
CE V6.1,2.8,4.96,CE,P180,BOB,4,2017,6,0.826733623,0.113397605,0.87402418,0.887212789,0.884575067,BOB-04,0.564516129
CE V6.1,3.08,5.54,CE,P180,BOB,4,2017,7,0.819599253,0.181972147,0.890640871,0.903089131,0.900599479,BOB-04,0.555956679
CE V6.1,3.2,5.76,CE,P180,BOB,4,2017,8,0.79912025,0.168358184,0.893502479,0.905376625,0.903001795,BOB-04,0.555555556
CE V6.1,2.95,5.14,CE,P180,BOB,4,2017,9,0.648925722,0.14892623,0.875345765,0.884541801,0.882702594,BOB-04,0.573929961
CE V6.1,2.71,4.62,CE,P180,BOB,4,2017,11,0.831902903,0.10932096,0.875058252,0.889045671,0.886248187,BOB-04,0.586580087
CE V6.1,3.06,5.32,CE,P180,BOB,4,2017,12,0.789995151,0.160603084,0.882457792,0.895160201,0.892619719,BOB-04,0.57518797
CE V6.1,2.53,4.06,CE,P180,BOB,5,2013,2,0.685935666,0.108025095,0.819967396,0.843221502,0.838570681,BOB-05,0.623152709
CE V6.1,2.69,4.41,CE,P180,BOB,5,2013,4,0.656851292,0.144211605,0.841091533,0.858174348,0.854757785,BOB-05,0.609977324
CE V6.1,2.48,4.16,CE,P180,BOB,5,2013,10,0.814625889,0.113462118,0.864730549,0.877682536,0.875092139,BOB-05,0.596153846
CE V6.1,2.6,4.46,CE,P180,BOB,5,2013,11,0.830712141,0.108331448,0.880301776,0.888578076,0.886922816,BOB-05,0.582959641
CE V6.1,2.82,4.81,CE,P180,BOB,5,2013,12,0.854302285,0.124712602,0.901521269,0.909988358,0.90829494,BOB-05,0.586278586
CE V6.1,2.7,5.07,CE,P180,BOB,5,2014,8,0.808584305,0.203656168,0.866077066,0.885254817,0.881419267,BOB-05,0.532544379
CE V6.1,2.57,4.81,CE,P180,BOB,5,2014,9,0.730210213,0.157169384,0.854983679,0.868605224,0.865880915,BOB-05,0.534303534
CE V6.1,2.58,4.85,CE,P180,BOB,5,2014,10,0.721362883,0.159892465,0.852616681,0.866778421,0.863946073,BOB-05,0.531958763
CE V6.1,2.57,4.81,CE,P180,BOB,5,2014,11,0.730210213,0.157169384,0.854983679,0.868605224,0.865880915,BOB-05,0.534303534
CE V6.1,2.67,4.99,CE,P180,BOB,5,2014,12,0.747357035,0.15367542,0.853190579,0.87107447,0.867497692,BOB-05,0.53507014
CE V6.1,2.48,4.62,CE,P180,BOB,5,2015,1,0.748961776,0.13026134,0.848345007,0.863271269,0.860286017,BOB-05,0.536796537
CE V6.1,2.46,4.43,CE,P180,BOB,5,2015,2,0.712850966,0.127291002,0.829042433,0.842663705,0.83993945,BOB-05,0.55530474
CE V6.1,2.61,4.67,CE,P180,BOB,5,2015,3,0.727163739,0.12916694,0.840403904,0.857021259,0.853697788,BOB-05,0.55888651
CE V6.1,2.47,4.54,CE,P180,BOB,5,2015,4,0.729233652,0.122510811,0.854656614,0.865591584,0.86340459,BOB-05,0.544052863
CE V6.1,2.83,5.32,CE,P180,BOB,5,2015,6,0.783462838,0.141972892,0.870111596,0.885438704,0.882373282,BOB-05,0.531954887
CE V6.1,2.81,5.13,CE,P180,BOB,5,2015,8,0.81441483,0.130036085,0.875943721,0.891096522,0.888065962,BOB-05,0.547758285
CE V6.1,2.73,5.11,CE,P180,BOB,5,2015,9,0.693570582,0.198059457,0.847712748,0.867931067,0.863887403,BOB-05,0.534246575
CE V6.1,2.53,4.49,CE,P180,BOB,5,2015,10,0.818295687,0.122416703,0.87867435,0.887541097,0.885767747,BOB-05,0.563474388
CE V6.1,2.83,5.08,CE,P180,BOB,5,2015,11,0.73041193,0.137325883,0.873858074,0.88472525,0.882551815,BOB-05,0.557086614
CE V6.1,2.58,4.48,CE,P180,BOB,5,2015,12,0.747060594,0.13478487,0.857427173,0.871174978,0.868425417,BOB-05,0.575892857
CE V6.1,2.65,4.69,CE,P180,BOB,5,2016,1,0.716626215,0.150019638,0.849037428,0.86452988,0.86143139,BOB-05,0.565031983
CE V6.1,2.32,4.07,CE,P180,BOB,5,2017,1,0.68767119,0.127081985,0.801009408,0.826421057,0.821338727,BOB-05,0.57002457
CE V6.1,2.46,4.47,CE,P180,BOB,5,2017,2,0.714053278,0.14766079,0.809474778,0.83355267,0.828737092,BOB-05,0.55033557
CE V6.1,2.49,4.46,CE,P180,BOB,5,2017,3,0.694798468,0.133765174,0.806368228,0.834416322,0.828806704,BOB-05,0.558295964
CE V6.1,2.5,4.48,CE,P180,BOB,5,2017,4,0.718348012,0.137389093,0.809703768,0.840784407,0.834568279,BOB-05,0.558035714
CE V6.1,2.44,4.48,CE,P180,BOB,5,2017,5,0.745855377,0.152080486,0.83935362,0.854826714,0.851732095,BOB-05,0.544642857
CE V6.1,2.53,4.69,CE,P180,BOB,5,2017,6,0.729018433,0.162105866,0.866632697,0.876620957,0.874623305,BOB-05,0.539445629
CE V6.1,2.85,5.27,CE,P180,BOB,5,2017,7,0.691804593,0.184574782,0.879347518,0.886099799,0.884749343,BOB-05,0.540796964
CE V6.1,2.78,5.14,CE,P180,BOB,5,2017,8,0.669835704,0.150625096,0.876053779,0.880009079,0.879218019,BOB-05,0.540856031
CE V6.1,2.64,4.86,CE,P180,BOB,5,2017,9,0.769015012,0.156789334,0.881983038,0.889832707,0.888262773,BOB-05,0.543209877
CE V6.1,2.8,5.08,CE,P180,BOB,5,2017,10,0.788782925,0.160080973,0.888708545,0.89771056,0.895910157,BOB-05,0.551181102
CE V6.1,2.73,4.88,CE,P180,BOB,5,2017,11,0.818648917,0.155818204,0.888810016,0.89722689,0.895543515,BOB-05,0.55942623
CE V6.1,2.73,4.91,CE,P180,BOB,5,2017,12,0.763597971,0.125654229,0.878266627,0.886388414,0.884764057,BOB-05,0.556008147
CE V6.1,2.64,4.62,CE,P180,BOB,6,2013,1,0.726809642,0.11780567,0.833983787,0.860231699,0.854982117,BOB-06,0.571428571
CE V6.1,2.29,3.62,CE,P180,BOB,6,2013,2,0.716463802,0.068304882,0.811448434,0.836309699,0.831337446,BOB-06,0.632596685
CE V6.1,2.53,4.17,CE,P180,BOB,6,2013,4,0.764885074,0.108855538,0.834153886,0.857932913,0.853177108,BOB-06,0.606714628
CE V6.1,2.66,4.63,CE,P180,BOB,6,2013,8,0.841231014,0.124933787,0.877801242,0.892026969,0.889181823,BOB-06,0.574514039
CE V6.1,2.35,3.83,CE,P180,BOB,6,2013,10,0.829609538,0.106906196,0.849120247,0.861353446,0.858906806,BOB-06,0.613577023
CE V6.1,2.56,4.32,CE,P180,BOB,6,2013,11,0.844733608,0.08535255,0.868947714,0.882242865,0.879583835,BOB-06,0.592592593
CE V6.1,2.86,4.9,CE,P180,BOB,6,2013,12,0.873761334,0.199865306,0.909018986,0.91732956,0.915667445,BOB-06,0.583673469
CE V6.1,2.58,5.16,CE,P180,BOB,6,2014,8,0.650767443,0.205186709,0.834767166,0.848577666,0.845815566,BOB-06,0.5
CE V6.1,2.3,4.48,CE,P180,BOB,6,2014,9,0.643965083,0.182784098,0.819032662,0.833418851,0.830541614,BOB-06,0.513392857
CE V6.1,2.77,4.58,CE,P180,BOB,6,2014,10,0.727468006,0.088550251,0.890651811,0.895797599,0.894768441,BOB-06,0.604803493
CE V6.1,2.48,4.88,CE,P180,BOB,6,2014,12,0.70344664,0.152104275,0.839301992,0.856888225,0.853370979,BOB-06,0.508196721
CE V6.1,2.25,4.34,CE,P180,BOB,6,2015,1,0.702597682,0.15768588,0.821744698,0.840120238,0.83644513,BOB-06,0.51843318
CE V6.1,2.09,3.93,CE,P180,BOB,6,2015,2,0.645394008,0.141174142,0.803355849,0.819890764,0.816583781,BOB-06,0.531806616
CE V6.1,2.44,4.47,CE,P180,BOB,6,2015,3,0.653449157,0.180479886,0.809038346,0.832076725,0.827469049,BOB-06,0.545861298
CE V6.1,2.35,4.42,CE,P180,BOB,6,2015,4,0.661061624,0.201742456,0.822204831,0.841873463,0.837939737,BOB-06,0.531674208
CE V6.1,2.55,4.8,CE,P180,BOB,6,2015,6,0.669685284,0.134612447,0.845764512,0.860252704,0.857355066,BOB-06,0.53125
CE V6.1,2.69,5.15,CE,P180,BOB,6,2015,7,0.638807323,0.170233619,0.851273366,0.864478499,0.861837473,BOB-06,0.522330097
CE V6.1,2.64,4.97,CE,P180,BOB,6,2015,8,0.710308907,0.190372867,0.861410197,0.875440428,0.872634382,BOB-06,0.531187123
CE V6.1,2.76,4.89,CE,P180,BOB,6,2015,9,0.622216025,0.173918947,0.862314549,0.86932315,0.86792143,BOB-06,0.564417178
CE V6.1,2.58,4.8,CE,P180,BOB,6,2015,10,0.736291843,0.17186412,0.85613813,0.872017844,0.868841901,BOB-06,0.5375
CE V6.1,2.83,5.36,CE,P180,BOB,6,2015,11,0.70138878,0.184173279,0.864429878,0.875125093,0.87298605,BOB-06,0.527985075
CE V6.1,2.54,4.58,CE,P180,BOB,6,2015,12,0.697194428,0.162144051,0.836225768,0.852610317,0.849333408,BOB-06,0.554585153
CE V6.1,2.48,4.68,CE,P180,BOB,6,2016,1,0.677790082,0.157404918,0.820631148,0.843078061,0.838588678,BOB-06,0.52991453
CE V6.1,2.17,3.86,CE,P180,BOB,6,2017,1,0.746181921,0.131812025,0.795827373,0.818797113,0.814203165,BOB-06,0.562176166
CE V6.1,2.3,4.37,CE,P180,BOB,6,2017,2,0.729318949,0.152984192,0.807033995,0.827155897,0.823131517,BOB-06,0.526315789
CE V6.1,2.26,4.07,CE,P180,BOB,6,2017,3,0.655777372,0.153009676,0.825377641,0.836611271,0.834364545,BOB-06,0.555282555
CE V6.1,2.4,4.37,CE,P180,BOB,6,2017,4,0.746948129,0.132969355,0.819331606,0.843126413,0.838367451,BOB-06,0.549199085
CE V6.1,2.48,4.63,CE,P180,BOB,6,2017,5,0.770108241,0.179966187,0.833411977,0.855582065,0.851148047,BOB-06,0.535637149
CE V6.1,2.54,4.79,CE,P180,BOB,6,2017,6,0.817362866,0.130448794,0.84796568,0.867955043,0.863957171,BOB-06,0.530271399
CE V6.1,2.69,5.13,CE,P180,BOB,6,2017,7,0.838771188,0.204174459,0.86544189,0.881998849,0.878687457,BOB-06,0.524366472
CE V6.1,2.71,5.26,CE,P180,BOB,6,2017,8,0.809538471,0.219212227,0.861519591,0.880368665,0.87659885,BOB-06,0.515209125
CE V6.1,2.66,4.98,CE,P180,BOB,6,2017,9,0.729687269,0.195900122,0.858207576,0.871482025,0.868827136,BOB-06,0.534136546
CE V6.1,2.65,5,CE,P180,BOB,6,2017,10,0.80272154,0.167766625,0.868920959,0.88267446,0.879923759,BOB-06,0.53
CE V6.1,2.72,5.16,CE,P180,BOB,6,2017,11,0.802407443,0.197251086,0.866332835,0.881061778,0.878115989,BOB-06,0.527131783
CE V6.1,2.65,4.94,CE,P180,BOB,6,2017,12,0.805509155,0.174220766,0.864070065,0.878661173,0.875742952,BOB-06,0.536437247
