year,month,Tmean,Tmax,Tmin,VPDmean,VPDmax,SWmean,date,site
1979,1,24.784739762846414,26.404853175115843,23.640456202221504,0.06258943407245567,0.4828392359476177,64.84260870816556,1979-01-15T00:00:00Z,ANK
1979,2,25.097692925471033,26.65559132746192,23.668313387838698,0.07152849865938013,0.5358972465936057,150.92194471206565,1979-02-15T00:00:00Z,ANK
1979,3,25.000058990689727,26.74497910220016,23.722087898639042,0.06327873360013545,0.5215337274307467,163.78977271400709,1979-03-15T00:00:00Z,ANK
1979,4,25.424527906534323,26.644661758023577,24.2209784067361,0.050611198341001216,0.6659270551093024,198.92338722303919,1979-04-15T00:00:00Z,ANK
1979,5,24.471135200710513,26.207180524214554,23.712488598610015,0.012816811944486315,0.4475278159549135,129.58720459476876,1979-05-15T00:00:00Z,ANK
1979,6,23.86002500286247,25.39112205868652,23.326294418390113,0.011914299514310627,0.41037832808055635,98.42739015461743,1979-06-15T00:00:00Z,ANK
1979,7,23.07712896282436,24.32376913405356,22.651853756181623,0.004728361302745732,0.1964330409697899,73.8983004580468,1979-07-15T00:00:00Z,ANK
1979,8,22.99142061498314,24.30437372558665,22.684718318476,0.0031679706101413905,0.17708591812101118,75.25969944457897,1979-08-15T00:00:00Z,ANK
1979,9,23.144350652286466,24.373902976166463,22.662087814479953,0.007838445949088382,0.16918326179212195,60.02052783533674,1979-09-15T00:00:00Z,ANK
1979,10,23.839668408793955,25.25201963220436,23.157934214723856,0.011501645770314678,0.2583338704495085,129.76066401764328,1979-10-15T00:00:00Z,ANK
1979,11,24.4387768781054,26.0004460295125,23.56517857188714,0.03538654585781618,0.2494821917877165,193.8466834704056,1979-11-15T00:00:00Z,ANK
1979,12,23.843853099207603,25.74845472069371,23.23150811553707,0.06417186248449223,0.46407921496471377,66.55481746790423,1979-12-15T00:00:00Z,ANK
1980,1,24.634876275678437,26.61520532636568,23.984714586911597,0.08853013928742368,0.48269571155419694,173.07336152175742,1980-01-15T00:00:00Z,ANK
1980,2,24.95170837564451,26.800979194089535,23.801062950010188,0.0829829195142476,0.49823113198254504,141.76013795301216,1980-02-15T00:00:00Z,ANK
1980,3,24.98255932374304,26.727876224311355,23.835030191428274,0.058989291893280275,0.4865251223307139,152.22826011035457,1980-03-15T00:00:00Z,ANK
1980,4,25.74414316514286,26.948968936708876,24.498187345941755,0.04824491483002183,0.5470925930586463,140.93797275479682,1980-04-15T00:00:00Z,ANK
1980,5,24.428331901624215,25.682672696135686,23.63808338657211,0.006535836899534498,0.30398176235847374,113.92094258321875,1980-05-15T00:00:00Z,ANK
1980,6,23.961677751289127,25.32679178715662,23.432678553947714,0.013614348569880287,0.38271282704865933,125.24702174360469,1980-06-15T00:00:00Z,ANK
1980,7,22.892067445839924,24.32670871022645,22.55292637579068,0.01292251262161561,0.2284375227077123,64.21832370823705,1980-07-15T00:00:00Z,ANK
1980,8,22.727004132140024,24.262200017180103,22.547022852479362,0.010714852777502544,0.14762488254606884,37.67699876375617,1980-08-15T00:00:00Z,ANK
1980,9,23.264937927910633,24.384160142896512,22.83565962899139,0.006394023603608396,0.21343224688138035,68.15202080252054,1980-09-15T00:00:00Z,ANK
1980,10,23.65354433863368,24.78640969076869,23.05871917875499,0.008635027572633645,0.26343910880333865,83.86241606525607,1980-10-15T00:00:00Z,ANK
1980,11,23.617860367271238,25.72339855538125,22.96180329567477,0.019639829633667116,0.2296681864074516,143.2319481625889,1980-11-15T00:00:00Z,ANK
1980,12,24.03358004444181,26.06198490436574,23.339380799624262,0.13787506612240671,0.5579677104127939,177.88914200936333,1980-12-15T00:00:00Z,ANK
1981,1,24.90102153639014,26.795612441742946,23.773134101117577,0.18667773604923266,0.5863127344555782,203.13306346499877,1981-01-15T00:00:00Z,ANK
1981,2,24.794328314291636,26.717675734421803,23.724898774497657,0.07081611374947092,0.47894318319248824,173.88011760929984,1981-02-15T00:00:00Z,ANK
1981,3,25.132835966971797,26.74111155227262,23.88271512547686,0.05145219718369581,0.5180041945221578,127.8420913934707,1981-03-15T00:00:00Z,ANK
1981,4,25.252590720737487,26.68186484771955,23.975257464669316,0.04757769765261739,0.48033638389031197,269.2482335647396,1981-04-15T00:00:00Z,ANK
1981,5,24.768915556392564,26.27093315301005,23.86427586553952,0.02080236721222301,0.36460972836246286,134.30816155100214,1981-05-15T00:00:00Z,ANK
1981,6,24.175271436883712,25.671649407209802,23.694092046596115,0.017779971596481786,0.37467928664493305,163.68802175546003,1981-06-15T00:00:00Z,ANK
1981,7,23.015840774048552,24.449999039891686,22.608098414096908,0.004911888665749266,0.23276352064558375,72.61122841028427,1981-07-15T00:00:00Z,ANK
1981,8,22.746643746262855,24.392347057872154,22.43158161286603,0.02110334856983531,0.19203819556516138,74.97264000512642,1981-08-15T00:00:00Z,ANK
1981,9,23.067041672958318,24.39843876101126,22.749723719483537,0.00748955113064262,0.2102864030064185,35.36194227019693,1981-09-15T00:00:00Z,ANK
1981,10,23.797143675580426,25.260675562955548,23.1221331468977,0.02531209531194345,0.327574438107269,154.99296122314948,1981-10-15T00:00:00Z,ANK
1981,11,24.582635408756147,26.112435406770196,23.379251861829268,0.08715798232625806,0.5630677310336681,188.69793358916408,1981-11-15T00:00:00Z,ANK
1981,12,23.947703753336658,25.518721022585776,23.373076624828727,0.025421016326673637,0.46620963434885804,41.90302575897253,1981-12-15T00:00:00Z,ANK
1982,1,24.19003140681066,26.525463369227168,23.354656145131887,0.14297255177568854,0.7647849243019219,154.3152398826294,1982-01-15T00:00:00Z,ANK
1982,2,25.466911113508374,26.817812366794808,23.988174665485758,0.10202481606048919,0.489851332465034,126.36598651553496,1982-02-15T00:00:00Z,ANK
1982,3,25.649462869423306,27.210743655865887,24.248200320454202,0.10279044665529112,0.6044462157039018,186.15659873858482,1982-03-15T00:00:00Z,ANK
1982,4,25.311478157521503,26.824598495669232,24.2891302137049,0.04710144058340275,0.5822947904194751,177.88217040174047,1982-04-15T00:00:00Z,ANK
1982,5,24.25808258992521,25.850797628635203,23.557687575003147,0.010128850738544526,0.29159310906124086,85.30464652781815,1982-05-15T00:00:00Z,ANK
1982,6,23.541525040553516,25.205268149397888,23.275563643386192,0.003968129422191154,0.2736827999246737,109.96939114256493,1982-06-15T00:00:00Z,ANK
1982,7,22.676817158057496,24.313132394867303,22.30161273605232,0.0036636397189149204,0.24390206288358685,33.152120844736054,1982-07-15T00:00:00Z,ANK
1982,8,22.66727900394155,24.444240309364844,22.321567410967305,0.014587111109784867,0.24465077593075654,66.5721236526565,1982-08-15T00:00:00Z,ANK
1982,9,22.94413626268038,24.428924849909823,22.429502421356133,0.03378669460891927,0.2573264995077004,52.62503844539489,1982-09-15T00:00:00Z,ANK
1982,10,23.335256330559606,24.843615754893122,22.786550122668654,0.023272716148405325,0.21277641815043022,72.63545221439124,1982-10-15T00:00:00Z,ANK
1982,11,23.95946160987416,25.633111062878736,23.198608890653983,0.029828189485851885,0.28191903165813187,148.655845953108,1982-11-15T00:00:00Z,ANK
1982,12,24.40077719563181,25.897742199131947,23.708476274842532,0.06582696419197244,0.5404841485125397,155.03895548491778,1982-12-15T00:00:00Z,ANK
1983,1,24.092357203039345,26.726677805122634,23.13155697175665,0.2918464844501973,1.1397280393569984,136.28801298301963,1983-01-15T00:00:00Z,ANK
1983,2,25.58954226821507,27.13232345904138,23.876894995471204,0.17287763568678888,1.0284654532426194,186.36362216793864,1983-02-15T00:00:00Z,ANK
1983,3,26.821092178468025,27.620036606933063,24.847804901276596,0.23062245513292567,0.7770906055216174,296.7001546123037,1983-03-15T00:00:00Z,ANK
1983,4,26.157171211081977,26.959052521955172,24.730935324694762,0.08482725957940708,0.45844428407317234,120.79072453998218,1983-04-15T00:00:00Z,ANK
1983,5,25.441066953228933,26.629008855875206,24.390984269122146,0.028349000303384796,0.594237398769962,218.41178960373279,1983-05-15T00:00:00Z,ANK
1983,6,23.915888039291346,25.320122344430995,23.403090168703162,0.00898387421996758,0.23866743887640504,119.55233289473286,1983-06-15T00:00:00Z,ANK
1983,7,23.209591957019725,24.464533018097512,22.812254418221606,0.011795919421315297,0.234875606880137,78.15605408224512,1983-07-15T00:00:00Z,ANK
1983,8,22.875943588893932,24.446751457123334,22.496752934652516,0.03041581190961173,0.20296542589692265,45.67886299209642,1983-08-15T00:00:00Z,ANK
1983,9,23.262754262496,24.38088729647594,22.796445430502903,0.020754890176349423,0.18620621513951946,83.15971075093316,1983-09-15T00:00:00Z,ANK
1983,10,23.923189457220488,25.36713624869636,23.231720659601734,0.05282923960738977,0.47351323223788766,117.4896875801087,1983-10-15T00:00:00Z,ANK
1983,11,24.095653244890187,25.876393122959247,23.258161966094473,0.04158494915934398,0.3728345989429984,138.51183829941448,1983-11-15T00:00:00Z,ANK
1983,12,23.775062626126548,25.749285322431565,23.505832887950234,0.03579858232110405,0.3353227382707002,136.120481000816,1983-12-15T00:00:00Z,ANK
1984,1,24.367695029555392,26.710299109166833,23.790351634750998,0.09139387997351071,0.6500056934644592,178.92102651431546,1984-01-15T00:00:00Z,ANK
1984,2,24.135689938154357,26.62393074963224,23.307697244716067,0.08473952022721676,1.0344053285944887,119.41249624879498,1984-02-15T00:00:00Z,ANK
1984,3,25.65311062919348,27.363930895402305,24.331688239463467,0.07213617815068689,0.5115843000692332,126.81350967012574,1984-03-15T00:00:00Z,ANK
1984,4,24.94269348448476,26.32114847387852,23.977944488969023,0.019420256539835902,0.6230841197370731,90.84770560214528,1984-04-15T00:00:00Z,ANK
1984,5,24.668603452929837,26.222331242756564,23.962958701016518,0.015902175733420433,0.5078846074837883,162.3511551425029,1984-05-15T00:00:00Z,ANK
1984,6,23.595182063079122,25.59990429743929,23.28335968917309,0.006665417618233229,0.2906326243428603,88.42317123631341,1984-06-15T00:00:00Z,ANK
1984,7,23.25253498494049,24.354739315100574,22.883391445830533,0.011299538560869531,0.21394369188755044,101.19922105663548,1984-07-15T00:00:00Z,ANK
1984,8,23.46084540789398,24.491007696985175,22.85975200765753,0.012162936642477857,0.22098703888813798,102.49912776167119,1984-08-15T00:00:00Z,ANK
1984,9,23.212772714566494,24.478148954627876,22.745562952261512,0.008317569991991694,0.1421967050353673,75.80996675058705,1984-09-15T00:00:00Z,ANK
1984,10,24.222438520169867,25.366767112932045,23.403412961862177,0.01771815651812727,0.2294149858622828,171.55354587665602,1984-10-15T00:00:00Z,ANK
1984,11,24.40875767411591,26.148891610545572,23.38811285223775,0.05445661197799107,0.3917340187504125,175.49719299125167,1984-11-15T00:00:00Z,ANK
1984,12,24.155679331818714,26.082499154778006,23.483533807991243,0.12194622806354619,0.8128120907301648,150.53027355985182,1984-12-15T00:00:00Z,ANK
1985,1,24.769282349580624,26.853760769558292,23.879236492404594,0.14633389501696475,0.53429881636088306,210.49320378472697,1985-01-15T00:00:00Z,ANK
1985,2,25.003094102171534,26.90800455765014,23.82538531153961,0.15186631910461434,0.5593499389312989,162.186375740621,1985-02-15T00:00:00Z,ANK
1985,3,25.506853213113747,27.041084264001697,24.149370142892565,0.07629089109027627,0.5176231782974522,193.34072745407306,1985-03-15T00:00:00Z,ANK
1985,4,25.496493191460107,27.226184253913097,24.355565989380338,0.0753036907569838,0.4557777552250216,326.56074166629185,1985-04-15T00:00:00Z,ANK
1985,5,24.423731345628486,26.25551821545083,23.70383651047013,0.018821884030553866,0.3942565271669377,139.1900491918131,1985-05-15T00:00:00Z,ANK
1985,6,23.60010680260781,25.550714719989113,23.394078442372663,0.008750068801738703,0.36816649449644956,127.96239641485023,1985-06-15T00:00:00Z,ANK
1985,7,23.03109153693819,24.487746288259874,22.72041022870192,0.015267961640152072,0.30500711218955767,110.98535058459004,1985-07-15T00:00:00Z,ANK
1985,8,22.66056154922926,24.073783358774328,22.158832869969974,0.0019284986898487472,0.12117950921569076,51.405184604766895,1985-08-15T00:00:00Z,ANK
1985,9,23.188968119543002,24.449788748419415,22.86121732890031,0.008456045955085154,0.3168559855747579,95.58416734630461,1985-09-15T00:00:00Z,ANK
1985,10,23.525642884821732,25.031761687836138,22.81010584050233,0.006659248334995741,0.19708102806840355,65.55623087751707,1985-10-15T00:00:00Z,ANK
1985,11,23.858472337090667,25.885134966290018,23.220889591465077,0.020302251735681575,0.37482628042176486,121.52031366287041,1985-11-15T00:00:00Z,ANK
1985,12,24.636095417145317,26.307138617483037,23.655412392221162,0.22159450641001188,1.0180661034808611,223.43044359911053,1985-12-15T00:00:00Z,ANK
1986,1,24.53046104814113,26.68086073727813,23.400420221853736,0.18585480363569648,1.1025266520589518,105.30956736818335,1986-01-15T00:00:00Z,ANK
1986,2,25.224331588038808,26.884994150621736,23.91579297758603,0.12368762577534108,0.563867564070116,206.15078295101694,1986-02-15T00:00:00Z,ANK
1986,3,25.031876558004363,26.69380602295265,23.740579812549516,0.07873840264139932,0.49516285343088445,158.85209733005055,1986-03-15T00:00:00Z,ANK
1986,4,26.09653626877621,27.06980126710883,24.736072175769838,0.10380857792200343,0.763973370475621,278.5202533053193,1986-04-15T00:00:00Z,ANK
1986,5,25.108128830376238,26.557663342498223,24.104981819323992,0.04267274711434529,0.40767412367711886,176.26865126122564,1986-05-15T00:00:00Z,ANK
1986,6,24.008188106576092,25.638904528854106,23.525291016405415,0.01921617288159313,0.35436697278878404,181.45457583939793,1986-06-15T00:00:00Z,ANK
1986,7,23.122429367477526,24.474967365735566,22.725463429809178,0.00907807522061786,0.21392123322365172,123.86673804663603,1986-07-15T00:00:00Z,ANK
1986,8,22.70746671355416,24.38573211398343,22.392523359020377,0.01576635456499009,0.2806696507323206,52.01201504598133,1986-08-15T00:00:00Z,ANK
1986,9,23.50008680792002,24.52118252796417,23.141692247227407,0.027078821050273157,0.2433490538089937,131.46861695268885,1986-09-15T00:00:00Z,ANK
1986,10,23.463805614013076,24.90871655807539,23.063168894340095,0.010049920743542372,0.26385424284837755,133.27206346835288,1986-10-15T00:00:00Z,ANK
1986,11,23.79988045638691,25.748796053332338,22.965285793685204,0.017676084112619478,0.24123371470999583,95.1464427507489,1986-11-15T00:00:00Z,ANK
1986,12,24.453884086929747,25.931533671506543,23.46287618265521,0.16769686837577097,0.6058378706254007,150.0135972182214,1986-12-15T00:00:00Z,ANK
1987,1,24.916583987904502,26.655936712051574,23.902430375936643,0.09609917922400972,0.454831959992269,151.94966231249865,1987-01-15T00:00:00Z,ANK
1987,2,25.414983836441696,26.84618670259224,24.00411995079191,0.10122083377664537,0.49105715647285736,220.115981521673,1987-02-15T00:00:00Z,ANK
1987,3,24.94073809786975,26.53796243882473,23.756941532677136,0.055483654379377176,0.47878218960508767,127.19249568337244,1987-03-15T00:00:00Z,ANK
1987,4,26.188852483687093,27.231160412109304,25.04882480425876,0.07451647411535076,0.7260994718117407,233.83376197049424,1987-04-15T00:00:00Z,ANK
1987,5,25.328961126119665,26.437485057208985,24.33518078160357,0.0425103872158746,0.6090103915251424,101.94980114841306,1987-05-15T00:00:00Z,ANK
1987,6,24.265713307946125,25.50002347538578,23.58974781859349,0.013665040889612966,0.40478992546134274,168.3233558044576,1987-06-15T00:00:00Z,ANK
1987,7,23.881970346705803,24.62770670256299,23.235556849920787,0.005607717333466185,0.20660414932792243,127.32741321709545,1987-07-15T00:00:00Z,ANK
1987,8,23.9269433554303,24.38816608477628,23.170402968209967,0.004733932398224606,0.24628867856367231,78.83562541312412,1987-08-15T00:00:00Z,ANK
1987,9,23.938659844254495,24.410213054515665,23.2877132903948,0.0033129755491787365,0.2006961799847094,133.93411763924658,1987-09-15T00:00:00Z,ANK
1987,10,24.341085010276494,25.340114743721845,23.39826087236876,0.026760710665585486,0.4595833348721851,93.7184432212994,1987-10-15T00:00:00Z,ANK
1987,11,24.75027243667925,25.998662998724377,23.540938803995264,0.048606297899588966,0.4098540789359947,147.151917118651,1987-11-15T00:00:00Z,ANK
1987,12,25.313107107836924,26.344729063204767,24.159567258479253,0.07770811564359509,0.6012888240622134,175.93967267058466,1987-12-15T00:00:00Z,ANK
1988,1,24.613630206593193,26.576726730959347,23.366218182527625,0.15571953766017074,0.6995160355135486,156.64630859332237,1988-01-15T00:00:00Z,ANK
1988,2,26.15268546671582,27.32937918888294,24.42540327140988,0.1623649680327309,0.7789808421490909,283.7021296491,1988-02-15T00:00:00Z,ANK
1988,3,25.576853077136278,27.06444806580978,24.150212611042893,0.08295465242889118,0.6021218872878775,178.08201369344386,1988-03-15T00:00:00Z,ANK
1988,4,25.737777796254985,26.92259279412337,24.33033216973758,0.0533896339380003,0.6267870918970115,206.99566445685028,1988-04-15T00:00:00Z,ANK
1988,5,24.8396468624647,26.280973382410117,23.80422834168215,0.01842741972117358,0.4306399440368684,153.32468426751586,1988-05-15T00:00:00Z,ANK
1988,6,24.186984513137762,25.45228632445052,23.62718825599324,0.010304906731664613,0.3191643255753348,126.41262795679098,1988-06-15T00:00:00Z,ANK
1988,7,23.255517431088748,24.512518620116154,22.882201504124907,0.007637139031090304,0.23984276423963177,69.4921073431595,1988-07-15T00:00:00Z,ANK
1988,8,23.130055234830582,24.278518877619405,22.856466442232172,0.014611850639246552,0.15039406043926412,63.47309683851479,1988-08-15T00:00:00Z,ANK
1988,9,23.62263059769739,24.69526768366237,23.080625468560175,0.011907879467402155,0.24007509373787972,134.61990245167993,1988-09-15T00:00:00Z,ANK
1988,10,23.817772576156603,25.297401218452098,23.071848961436604,0.017583942052710615,0.30364536827280303,132.89919493671263,1988-10-15T00:00:00Z,ANK
1988,11,23.663851836494363,25.799930812201676,22.960990904313736,0.030643955530540515,0.4472492252437672,101.67470601048056,1988-11-15T00:00:00Z,ANK
1988,12,23.72764351825089,26.073624504981215,23.080604482633998,0.0626881968142204,0.9860410979699188,127.49054775159618,1988-12-15T00:00:00Z,ANK
1989,1,24.68430410985965,26.896733133373218,23.72174525627479,0.2180928412531142,1.103072074930267,187.37879533065475,1989-01-15T00:00:00Z,ANK
1989,2,25.128999845142946,26.82931068220697,23.834282475275735,0.09457005270050808,0.5648282183078775,162.50551224155305,1989-02-15T00:00:00Z,ANK
1989,3,24.678725034127982,26.718393293138206,23.637161439161236,0.048645004177740016,0.4829463806848476,94.09661035928153,1989-03-15T00:00:00Z,ANK
1989,4,25.488566554286827,26.79978921371354,24.240831247505444,0.07779560877249533,0.5050263982826678,185.59031624737042,1989-04-15T00:00:00Z,ANK
1989,5,24.77089360352136,26.21271679594145,23.927348149265164,0.024235724798519827,0.3849223920546751,149.94016250167172,1989-05-15T00:00:00Z,ANK
1989,6,23.60487425929778,25.44717045579379,23.21006994253995,0.008496912632018516,0.4979066289744194,134.79841843712697,1989-06-15T00:00:00Z,ANK
1989,7,23.09775358888934,24.47693016626095,22.696716511276247,0.010590372067218448,0.35746701722591734,82.54728347914082,1989-07-15T00:00:00Z,ANK
1989,8,22.81163305660412,24.275303127376585,22.456603513089206,0.0070766360729491665,0.14673714076854869,33.8226217231686,1989-08-15T00:00:00Z,ANK
1989,9,22.843630321097653,24.403044331431552,22.31870148200818,0.008326003489418853,0.16344300590607902,35.07861142729017,1989-09-15T00:00:00Z,ANK
1989,10,23.73767306840591,25.133280860446572,23.070137707586564,0.019322909100230417,0.27300482931329023,98.56200836448029,1989-10-15T00:00:00Z,ANK
1989,11,25.172324465119218,26.583531746817336,23.84367997334695,0.06715789618173693,0.5185230375829092,217.03146134513418,1989-11-15T00:00:00Z,ANK
1989,12,24.110942985001426,25.628174606829774,23.399625599558586,0.03299710761482795,0.3925807233881736,81.73982706324611,1989-12-15T00:00:00Z,ANK
1990,1,23.529002296006976,26.25298497020569,23.158871645382455,0.04499157395889233,0.39026783285162253,33.957767684614964,1990-01-15T00:00:00Z,ANK
1990,2,25.472928205817073,27.096311681324842,24.085351509590772,0.16793716885584783,0.6920979572770108,185.69143518443795,1990-02-15T00:00:00Z,ANK
1990,3,26.0462179483337,27.14825900398459,24.301949389562015,0.10763002320439256,0.6148647012459779,202.0792611162238,1990-03-15T00:00:00Z,ANK
1990,4,25.671708792497107,26.77402339908756,24.346972150936743,0.04865642688612405,0.6225993670171938,148.3475823534818,1990-04-15T00:00:00Z,ANK
1990,5,24.471684374339986,26.042842608386117,23.77253061439474,0.009152613991706025,0.37382121290202164,63.07044559438709,1990-05-15T00:00:00Z,ANK
1990,6,24.437901282704676,25.744072266842352,23.77958915661924,0.01223476110905882,0.26181648006087993,161.69921917106885,1990-06-15T00:00:00Z,ANK
1990,7,23.039957110043733,24.321881961350233,22.640428715112524,0.007173589498520078,0.15611795233698725,93.79752674684231,1990-07-15T00:00:00Z,ANK
1990,8,22.77031627396174,24.262493635773833,22.39733423221435,0.008091917705009994,0.16899324869891558,78.45437916194295,1990-08-15T00:00:00Z,ANK
1990,9,23.18613586567515,24.467548840623802,22.680751671989714,0.012781833529906432,0.22539704266848565,80.23257975840826,1990-09-15T00:00:00Z,ANK
1990,10,23.75430532258603,25.093582265491396,23.04231447648268,0.015155329402599331,0.3693735296118422,88.65894391570244,1990-10-15T00:00:00Z,ANK
1990,11,24.97542100783833,26.386495110409616,23.76682569880746,0.0691989599723098,0.5526169517460476,212.15263990077398,1990-11-15T00:00:00Z,ANK
1990,12,24.189577567626227,25.943699955087162,23.537912950327367,0.03592980633261776,0.5606302520342717,164.74240172915464,1990-12-15T00:00:00Z,ANK
1991,1,24.79963747409868,26.73714213711449,23.811059750907372,0.12066825202837271,0.7726521054913837,174.96728668946682,1991-01-15T00:00:00Z,ANK
1991,2,24.710867853693564,26.50280255828945,23.42456491518623,0.052932510378999494,0.4753297675761763,103.64135910749955,1991-02-15T00:00:00Z,ANK
1991,3,24.818718601309346,26.650260330939503,23.653006848633922,0.02603030370517059,0.4838901998646422,66.44413371045576,1991-03-15T00:00:00Z,ANK
1991,4,25.41509915025552,26.66611087919685,24.0026833709632,0.046525877973656364,0.47394552051387856,178.29690984086767,1991-04-15T00:00:00Z,ANK
1991,5,24.985264767099245,26.251072414527965,23.982612045876976,0.024459592692948808,0.43722846463490067,153.7769138280909,1991-05-15T00:00:00Z,ANK
1991,6,24.759475934063783,25.788670685030404,23.859317760628425,0.017576278369676512,0.4008560071440933,133.89704450669367,1991-06-15T00:00:00Z,ANK
1991,7,23.723445054807875,24.724552382977354,23.305547497411357,0.014503700438497257,0.33815613170581826,126.76831853421528,1991-07-15T00:00:00Z,ANK
1991,8,22.904977756140713,24.160023898866132,22.50440014601156,0.0016735978027170753,0.15748079524425646,54.212781518003965,1991-08-15T00:00:00Z,ANK
1991,9,23.52479281529157,24.559902286341075,23.15570673114261,0.01104769102328054,0.22986211972598725,109.39587385577958,1991-09-15T00:00:00Z,ANK
1991,10,23.36622701514964,24.855516461125813,22.874335161757188,0.019103004200700463,0.27106747022202893,118.36509964678228,1991-10-15T00:00:00Z,ANK
1991,11,24.06463637428968,26.09977740270695,23.203316868688166,0.04315978009204345,0.33967255664100426,170.76850735956913,1991-11-15T00:00:00Z,ANK
1991,12,24.31701493163404,25.99606210889834,23.524710621172087,0.06092026197066107,0.4235635964165277,134.95575169951772,1991-12-15T00:00:00Z,ANK
1992,1,24.329485710851472,26.679351571773413,23.251360950489474,0.21666083459351737,1.0026065572953615,107.61357036375357,1992-01-15T00:00:00Z,ANK
1992,2,25.62385987900622,26.997783146433974,24.020360755882177,0.12726130357692159,0.5716455670973937,139.9481389844377,1992-02-15T00:00:00Z,ANK
1992,3,25.346828405973856,26.736186171410033,23.786260667101267,0.07348656864923923,0.6303713858293016,166.30209567304462,1992-03-15T00:00:00Z,ANK
1992,4,25.828552930386948,27.05381311004773,24.594220308087852,0.073588119758926,0.594594824797066,230.89006860874622,1992-04-15T00:00:00Z,ANK
1992,5,24.388453244393354,26.12278847718243,23.766978059553825,0.016751285726581345,0.3802807980631205,122.87616935865961,1992-05-15T00:00:00Z,ANK
1992,6,23.56828473155615,25.23678084009806,23.186250450076226,0.006944214131300427,0.37603746372710944,109.31725641253868,1992-06-15T00:00:00Z,ANK
1992,7,22.76123675090135,24.272672392684413,22.43284753605967,0.0027754795202268533,0.16609965257159381,76.11905991026461,1992-07-15T00:00:00Z,ANK
1992,8,22.79322187463996,24.36964735639389,22.309243040156336,0.026810082114105065,0.24078301125467338,62.22574316337609,1992-08-15T00:00:00Z,ANK
1992,9,23.42949140602116,24.741713272864402,22.93212394943147,0.020513327702573476,0.24416789526453433,152.49542237961458,1992-09-15T00:00:00Z,ANK
1992,10,23.595130433304316,25.11303063299675,22.98281804419916,0.02043846327383287,0.2593274869369633,134.07179167721344,1992-10-15T00:00:00Z,ANK
1992,11,23.887689743497774,25.93252945166328,22.950071082838463,0.09767635992636463,0.6130661446003152,172.71788267758595,1992-11-15T00:00:00Z,ANK
1992,12,23.674942584875744,25.595457644141927,23.222061494685207,0.046060987626544814,0.3012233570399353,137.75621943108953,1992-12-15T00:00:00Z,ANK
1993,1,25.286303515611955,27.110388119586464,24.128005414849085,0.3008588542407268,1.0056724750543817,186.652059351446,1993-01-15T00:00:00Z,ANK
1993,2,25.29254167277939,26.885018513346292,23.94762919348601,0.09186915444848089,0.5143366920146366,153.87537359938767,1993-02-15T00:00:00Z,ANK
1993,3,25.284844651993374,26.809631026746946,23.81303710733012,0.0900387045864263,0.5445989717628709,174.88056231511496,1993-03-15T00:00:00Z,ANK
1993,4,25.123631566094154,26.61201305888435,23.930887146674717,0.06165414937303522,0.5385986199347058,212.33104339873856,1993-04-15T00:00:00Z,ANK
1993,5,24.465156707673415,25.976864760159778,23.80485531727041,0.010399060299475186,0.44470875065922155,10.803858936626252,1993-05-15T00:00:00Z,ANK
1993,6,24.22390023544381,25.46764138991281,23.621895401435687,0.013012376867415543,0.42234638258652446,128.66226926298575,1993-06-15T00:00:00Z,ANK
1993,7,23.207473178766932,24.436565193354923,22.799467864326388,0.011248159799099731,0.24530493533378037,72.5138097541618,1993-07-15T00:00:00Z,ANK
1993,8,22.982907884761126,24.287332807800563,22.59580842215302,0.007986750643288425,0.12737782285044721,81.21824968023857,1993-08-15T00:00:00Z,ANK
1993,9,23.71575133788007,24.615544045214712,23.104026891920558,0.018583364684616046,0.33350066330465583,162.11273300864372,1993-09-15T00:00:00Z,ANK
1993,10,24.323848023498655,25.292445763172037,23.46552795377281,0.03399677479534714,0.2418850742103648,179.93597975129322,1993-10-15T00:00:00Z,ANK
1993,11,24.63948549233907,26.01790004123876,23.55975783450937,0.05325188815251201,0.35104127358768,213.32425371006286,1993-11-15T00:00:00Z,ANK
1993,12,24.660420027847355,26.248531863887195,23.959169521322405,0.07192924938768767,0.9304586071072851,214.50676162735462,1993-12-15T00:00:00Z,ANK
1994,1,24.42373720388444,26.62912916123876,23.64591304780306,0.12264940219038888,0.7104830435920237,146.17222228817465,1994-01-15T00:00:00Z,ANK
1994,2,24.72258148182506,26.423816484890082,23.458614466599805,0.04011498881123439,0.7599585916082353,73.18324451758818,1994-02-15T00:00:00Z,ANK
1994,3,25.537307471449875,26.8387436694577,23.85854276030292,0.10760577537749291,0.629068393183795,180.14135966218345,1994-03-15T00:00:00Z,ANK
1994,4,25.041922054734506,26.578343023992648,23.992550955208582,0.05149257058340505,0.508067398328371,159.74191720242916,1994-04-15T00:00:00Z,ANK
1994,5,24.35385663361393,25.963925243496735,23.69297247498365,0.027313600369524182,0.6215797203192629,110.67237037443864,1994-05-15T00:00:00Z,ANK
1994,6,23.565749874518247,25.22572955366188,23.27169208840656,0.0031260291794412455,0.24793833544396296,107.72155629793991,1994-06-15T00:00:00Z,ANK
1994,7,23.084779563135392,24.39606212774225,22.66754362312015,0.006962291339683394,0.23474992133784103,110.69440750765565,1994-07-15T00:00:00Z,ANK
1994,8,23.14024608649328,24.27932758339415,22.771099004359247,0.006768343516984381,0.17146882563817026,58.99101032798036,1994-08-15T00:00:00Z,ANK
1994,9,23.56397236905024,24.439071708978926,23.175298031355783,0.010351538627245957,0.21370120477043408,136.34524118812476,1994-09-15T00:00:00Z,ANK
1994,10,23.27784484824292,24.729845090810315,22.656151462721105,0.003611265648660222,0.12166132447108727,22.879734847740593,1994-10-15T00:00:00Z,ANK
1994,11,23.892374823639372,26.069011232746405,23.098595828357986,0.036635470204965485,0.27809781336225026,157.13779220274031,1994-11-15T00:00:00Z,ANK
1994,12,25.230019646410078,26.312903138740335,24.0877347228293,0.16045057984568328,0.6577749308999032,197.02467914872767,1994-12-15T00:00:00Z,ANK
1995,1,24.782483979612746,26.641674663372086,23.45281103305211,0.16980713818637225,1.0144672772676775,180.27668625369736,1995-01-15T00:00:00Z,ANK
1995,2,24.98371499381321,26.523910450088025,23.59343626927794,0.04494096662680465,0.5006816867265611,79.73639048897589,1995-02-15T00:00:00Z,ANK
1995,3,25.75991334278712,27.104447267415075,24.265609747449034,0.11421334567578335,0.6208218204618773,230.4164132405637,1995-03-15T00:00:00Z,ANK
1995,4,25.597485252790324,26.789516972799856,24.44118436675365,0.06118789467794724,0.5259527256007747,115.22386336237592,1995-04-15T00:00:00Z,ANK
1995,5,25.037470229570477,26.500922618198253,24.159900886668176,0.033846004917359285,0.42294770322963504,160.94611701924242,1995-05-15T00:00:00Z,ANK
1995,6,24.5406052662225,25.700057690900657,23.684737642851097,0.025630320529210826,0.36221890710028226,190.8769741991541,1995-06-15T00:00:00Z,ANK
1995,7,23.440043270813224,24.505071478996626,22.935784597158474,0.018638268814494575,0.2608576570931904,52.39792269708641,1995-07-15T00:00:00Z,ANK
1995,8,23.16222844898654,24.21833836459657,22.700562881462556,0.004606703043294201,0.1261057090807667,79.52103855031949,1995-08-15T00:00:00Z,ANK
1995,9,23.458687709386727,24.32770896987391,22.882397016497,0.007183056929122543,0.14303928790326284,36.1208143617786,1995-09-15T00:00:00Z,ANK
1995,10,24.093867738664862,25.376412924538332,23.29015061970182,0.04056983181971578,0.35260540288253917,196.99992959095977,1995-10-15T00:00:00Z,ANK
1995,11,24.0453249669052,25.843210854466776,23.244738447759033,0.03841017168251155,0.49000203822815985,135.75644989885558,1995-11-15T00:00:00Z,ANK
1995,12,24.02637422002496,25.820996510936894,23.491639194845487,0.05270550586125149,0.3816279303168154,106.04835032615087,1995-12-15T00:00:00Z,ANK
1996,1,24.407865772528837,26.33372328581381,23.58537792860121,0.06351093936272018,0.41078289089116926,138.8147572728024,1996-01-15T00:00:00Z,ANK
1996,2,24.990420001988163,26.658905753816562,23.687406401752558,0.08191481825468777,0.5927386405147486,127.60010779780877,1996-02-15T00:00:00Z,ANK
1996,3,25.5590678375852,26.988484080461316,24.03950877460114,0.07871890483810297,0.5434455724689313,181.62225488304125,1996-03-15T00:00:00Z,ANK
1996,4,25.578019958576093,26.874739823008223,24.27920018987655,0.07267634204433197,0.6170475266282456,300.8119974570235,1996-04-15T00:00:00Z,ANK
1996,5,24.799307453835468,26.131470100443874,23.968834577725602,0.035830952240573366,0.5913124697279338,201.9810556668184,1996-05-15T00:00:00Z,ANK
1996,6,23.820370819780344,25.37011103073246,23.295934067815367,0.011926805495861016,0.22059912450782834,92.87581846285036,1996-06-15T00:00:00Z,ANK
1996,7,23.130270810656523,24.562914618313105,22.661278962139622,0.004498181721143147,0.19414539360963523,89.43258741814547,1996-07-15T00:00:00Z,ANK
1996,8,22.86552426269351,24.327573031447038,22.50702121875927,0.010375104067291373,0.16627224656486175,65.11985398565864,1996-08-15T00:00:00Z,ANK
1996,9,22.942161916380588,24.336482225870196,22.45930098127066,0.006848020214363746,0.14906921569981116,52.345718675317755,1996-09-15T00:00:00Z,ANK
1996,10,23.251784834040816,25.05406196020064,22.692630118272785,0.026598184965963768,0.2658537744056977,83.6232295860618,1996-10-15T00:00:00Z,ANK
1996,11,23.600158581886525,25.551511507401468,22.85498298428146,0.01846091155684709,0.24188149340649895,59.25140955548591,1996-11-15T00:00:00Z,ANK
1996,12,23.787982522089642,25.561932921605653,23.292506537501886,0.036747956041395836,0.471593514298635,99.92464327399598,1996-12-15T00:00:00Z,ANK
1997,1,24.660321156150097,26.70350215405559,23.803386822418698,0.10127091402960348,0.5908111648860493,172.6582686232734,1997-01-15T00:00:00Z,ANK
1997,2,25.463753266919433,27.050376975825575,23.96930326139438,0.15783852937619364,0.7959385290912608,171.51023995733024,1997-02-15T00:00:00Z,ANK
1997,3,25.163935379357554,26.786363581305526,23.736854328124526,0.07683266275259479,0.5899389420635798,199.8623012736841,1997-03-15T00:00:00Z,ANK
1997,4,24.431706568238464,25.941736673589837,23.539017532561832,0.014446843643176003,0.5537944568066845,72.23705697079404,1997-04-15T00:00:00Z,ANK
1997,5,24.909849399238965,26.482908952691506,23.987383567897343,0.027884732470248155,0.5143093017129678,177.16295785852657,1997-05-15T00:00:00Z,ANK
1997,6,23.812813494313726,25.261714543085297,23.357550147631482,0.008904367827807031,0.34196537884663164,100.52104848498853,1997-06-15T00:00:00Z,ANK
1997,7,22.980166502396795,24.211759656109738,22.598945350213793,0.0016256287245797027,0.2420154857669634,83.69292723776753,1997-07-15T00:00:00Z,ANK
1997,8,23.227862113859352,24.38973743564597,22.642027939408592,0.015335086609356511,0.16605133717316292,82.50488693873588,1997-08-15T00:00:00Z,ANK
1997,9,24.03174112039299,24.78697978506823,23.389861611197137,0.024219011355626006,0.33079610483042693,167.56194721835809,1997-09-15T00:00:00Z,ANK
1997,10,24.67838518026167,25.4939530966323,23.554517952887622,0.03654331241018201,0.3908607996608586,143.62871338692707,1997-10-15T00:00:00Z,ANK
1997,11,25.082371954056676,26.13546682382946,23.808423359614416,0.04529933703794969,0.42589290503693494,207.415619518827,1997-11-15T00:00:00Z,ANK
1997,12,24.66991453756423,26.09842063781524,23.9470553282721,0.09238470674023873,0.6191889517599923,188.7648467188895,1997-12-15T00:00:00Z,ANK
1998,1,24.19246079519017,26.54396052466747,23.271174133849716,0.16382114806656506,1.1211270278166536,66.05767536842396,1998-01-15T00:00:00Z,ANK
1998,2,26.727447632240967,27.604272429125164,25.07420965954219,0.16159249368759432,0.631243119762996,189.28354778828162,1998-02-15T00:00:00Z,ANK
1998,3,26.46153308899624,27.4863656797708,24.974636241955096,0.09743748189659004,0.6819716785190124,169.82609627858932,1998-03-15T00:00:00Z,ANK
1998,4,26.21312657150825,27.141724219139586,25.039536319477257,0.04528991396995987,0.5743447539263393,140.19924426853692,1998-04-15T00:00:00Z,ANK
1998,5,25.6676694140945,26.77033672250502,24.491424493042626,0.027644496678275152,0.41522597965292246,224.75578127869034,1998-05-15T00:00:00Z,ANK
1998,6,24.350607814319147,25.466239731285036,23.461796650482725,0.018582209096743366,0.4338240898378984,135.94635916666863,1998-06-15T00:00:00Z,ANK
1998,7,23.634119767629993,24.638587164155403,23.155698942936922,0.010650624565200039,0.2628756177606173,171.3176632934256,1998-07-15T00:00:00Z,ANK
1998,8,22.858480419119903,24.255326806769247,22.397576079247564,0.022755204457517605,0.2922275340440609,56.243301219813716,1998-08-15T00:00:00Z,ANK
1998,9,23.592598037406113,24.441540436398945,23.0405708353151,0.007951165814057498,0.24471491851327704,128.4456562034029,1998-09-15T00:00:00Z,ANK
1998,10,24.325179835374946,25.431653094595596,23.414975621472756,0.0429533490237952,0.418388503122452,136.99521657374757,1998-10-15T00:00:00Z,ANK
1998,11,24.122111913516047,25.875937104527846,23.256164307348513,0.04762689786592488,0.4856849867724175,147.0394364123676,1998-11-15T00:00:00Z,ANK
1998,12,24.380897928595303,26.005888765372134,23.772319337689478,0.05393194684908536,0.45001611401046515,113.89589601067401,1998-12-15T00:00:00Z,ANK
1999,1,24.86461101247,26.743113835703593,24.28135742508149,0.08913896333405638,0.5216299542692234,152.63939971284648,1999-01-15T00:00:00Z,ANK
1999,2,25.09681455031675,26.973247168074302,23.803086141107467,0.10712135276714084,0.9879989595910823,144.73895488467298,1999-02-15T00:00:00Z,ANK
1999,3,25.307029959431034,27.000013319160526,23.91622081187667,0.04953437421884815,0.5613668715683694,128.87836312650225,1999-03-15T00:00:00Z,ANK
1999,4,25.112484387978654,26.66168019903598,24.09184664471836,0.04999296244568504,0.5948728691127632,136.25562596560465,1999-04-15T00:00:00Z,ANK
1999,5,24.60714104227564,26.207694508854303,23.673252458821995,0.04170995103414539,0.49126260064894406,155.22785498810313,1999-05-15T00:00:00Z,ANK
1999,6,24.04176899309497,25.57138372441197,23.518728113638556,0.015690125090591683,0.4278285374859264,158.08775012025123,1999-06-15T00:00:00Z,ANK
1999,7,23.226169232848836,24.458216621500622,22.715340895419885,0.020161510538526977,0.2132883927285428,41.77886394692796,1999-07-15T00:00:00Z,ANK
1999,8,23.378260215648357,24.61250011109969,22.837202803944365,0.0836206192007937,0.9770415002873181,135.84996930379808,1999-08-15T00:00:00Z,ANK
1999,9,22.830385401867016,24.439216804055263,22.426373812548707,0.01876429303707993,0.17933278483898316,58.90229841688827,1999-09-15T00:00:00Z,ANK
1999,10,23.41358463760687,25.052973361339657,22.657725724888614,0.017747806537607692,0.2225094922299228,73.27614071332326,1999-10-15T00:00:00Z,ANK
1999,11,23.640374307463322,25.69258765890185,22.928573643105757,0.03599771944214793,0.3968670801022495,170.74063178701581,1999-11-15T00:00:00Z,ANK
1999,12,24.36706530046374,25.918861435734566,23.449458279986732,0.10650664648635196,0.5137573160028185,120.6957783394859,1999-12-15T00:00:00Z,ANK
2e3,1,23.9087613811452,26.3379325444475,23.28351890888609,0.05740936435106526,0.4004121145235939,138.93365420992134,2000-01-15T00:00:00Z,ANK
2e3,2,25.370373849479375,27.02511296787087,23.97418036956419,0.22036089170996276,0.8675573815746221,112.19983148181227,2000-02-15T00:00:00Z,ANK
2e3,3,25.681679788367532,27.193833628890644,24.3671034954646,0.15294539982194613,0.6956312981815995,147.8809527004382,2000-03-15T00:00:00Z,ANK
2e3,4,25.632297101611393,26.610338860577787,24.556695672211852,0.1227607322446108,0.601903809527078,139.90497261199445,2000-04-15T00:00:00Z,ANK
2e3,5,25.197007473204877,26.3418552602849,24.044081669534503,0.08300740461711734,0.5502444083600435,188.45790211299607,2000-05-15T00:00:00Z,ANK
2e3,6,24.001270596994996,25.40352316843089,23.490934050525357,0.015358085525386787,0.4175329779443035,106.7940338300311,2000-06-15T00:00:00Z,ANK
2e3,7,23.266731773881823,24.54973776626555,22.785629424544748,0.03523064935818886,0.24575710419124994,74.73120394203285,2000-07-15T00:00:00Z,ANK
2e3,8,22.9539070815217,24.38687885960259,22.54943648660119,0.028311251521211937,0.9331959836333086,60.13236856888393,2000-08-15T00:00:00Z,ANK
2e3,9,23.415590558556655,24.565484775149372,22.867266095123302,0.016158696866758606,0.3721981701673059,93.0210334881197,2000-09-15T00:00:00Z,ANK
2e3,10,23.677417256488752,25.062433107049902,22.86351805266685,0.04005619888912462,0.3941033915827719,112.18768071448862,2000-10-15T00:00:00Z,ANK
2e3,11,24.496024432483527,25.958575759944043,23.246812185984204,0.06765408990517559,0.4816486085751983,152.63305620878833,2000-11-15T00:00:00Z,ANK
2e3,12,24.515536301310707,25.7582547938818,23.495994321620916,0.07365347068319528,0.6303996624852028,90.88476038248756,2000-12-15T00:00:00Z,ANK
2001,1,25.398656349486767,27.06466483728779,24.30578918121396,0.20001375957200052,0.545662036637251,226.93032973326257,2001-01-15T00:00:00Z,ANK
2001,2,25.688887137716527,27.16207725249474,24.368733359856932,0.24254097142510814,1.0811226993492904,177.83632609856753,2001-02-15T00:00:00Z,ANK
2001,3,25.852512932154827,26.98744536447917,24.170290594755745,0.13427995986727115,0.7406381640950823,137.09289745751047,2001-03-15T00:00:00Z,ANK
2001,4,25.761048236668014,26.61028449574506,24.609730381093055,0.11141661565959685,0.5205384307793064,119.7457569637139,2001-04-15T00:00:00Z,ANK
2001,5,25.50711044950051,26.5251893247682,24.483328234225123,0.089180299753219755,0.7771098211318944,169.11294219638316,2001-05-15T00:00:00Z,ANK
2001,6,23.42282444172517,25.22001725135469,22.927961862103416,0.008934220310836802,0.3094652383960649,90.05560572392997,2001-06-15T00:00:00Z,ANK
2001,7,23.263439395589838,24.584596984583502,22.798469348667464,0.0327611933471295,0.3419000991669301,118.0784532682171,2001-07-15T00:00:00Z,ANK
2001,8,22.637426644284062,24.363619225059626,22.121950264386566,0.021464051407338505,0.31857978104905177,63.93639244755444,2001-08-15T00:00:00Z,ANK
2001,9,23.064343931313516,24.354076635311742,22.534641269254706,0.0263869384752515,0.18027099650060682,57.79243523610621,2001-09-15T00:00:00Z,ANK
2001,10,23.947050967776967,25.314807779801846,23.085896010316496,0.017320543305237766,0.38398740818695953,141.9392321084127,2001-10-15T00:00:00Z,ANK
2001,11,24.277118078828735,25.80107262328918,23.28823500255868,0.037367367895234364,0.4325648102537457,130.12397284405378,2001-11-15T00:00:00Z,ANK
2001,12,24.34969727156211,25.67042653123897,23.43550469001349,0.048471750911464904,0.4358417779951938,106.45662453323303,2001-12-15T00:00:00Z,ANK
2002,1,24.728355495345184,26.70337845587197,23.578200489336933,0.1105135845224915,0.48268794408672194,150.40804023276797,2002-01-15T00:00:00Z,ANK
2002,2,25.884458679223577,27.03016169481159,24.25471524652654,0.1248023927658139,0.5744518384823251,180.10328940057136,2002-02-15T00:00:00Z,ANK
2002,3,25.404943313114714,26.772085679420645,23.98485161033524,0.0889734245383685,0.6327265128589462,132.28672287270027,2002-03-15T00:00:00Z,ANK
2002,4,26.174113560836943,26.898637254155744,24.534911865388075,0.12987148346812852,0.5916122080395042,198.1565888339055,2002-04-15T00:00:00Z,ANK
2002,5,25.570880240516903,26.655873345951616,24.20625755861351,0.08827066341710851,0.5868339217232137,243.64928333252226,2002-05-15T00:00:00Z,ANK
2002,6,23.886096601155728,25.49384157626143,23.48530367119679,0.007304197740079122,0.41849294926796443,172.23536905878046,2002-06-15T00:00:00Z,ANK
2002,7,23.442114931465763,24.282273130209262,22.943075702662846,0.0029369502299030365,0.19462938707330224,90.62284083296117,2002-07-15T00:00:00Z,ANK
2002,8,22.72363910199593,24.18149110557118,22.343676472385244,0.0030929637712324774,0.13089345182324455,69.57270216468454,2002-08-15T00:00:00Z,ANK
2002,9,23.27638807468034,24.414796968529085,22.766587012450273,0.022236278327422365,0.3735101817396412,101.88689105318832,2002-09-15T00:00:00Z,ANK
2002,10,23.398755175521032,25.04805169141814,22.691114660310223,0.017847723978820302,0.37407749176567784,87.40787120890892,2002-10-15T00:00:00Z,ANK
2002,11,24.460611858990863,25.738175075963426,23.289950242901806,0.06004221518324138,0.5229209763911565,131.98166192995615,2002-11-15T00:00:00Z,ANK
2002,12,24.238298683297835,25.929278114171183,23.429745329034382,0.1503353924731655,1.0910544273565996,119.22710547654707,2002-12-15T00:00:00Z,ANK
2003,1,25.081480987186037,26.6857059205958,24.05342518800943,0.1292237614489996,0.9454050820127878,123.68793541449018,2003-01-15T00:00:00Z,ANK
2003,2,25.496736491887006,26.788229939356466,24.1109813554437,0.09409782176439647,0.5133679494748353,130.88272546706673,2003-02-15T00:00:00Z,ANK
2003,3,25.882269916935478,27.245540805470707,24.28316968279091,0.13619445019911103,0.6844246201969607,225.92092665185228,2003-03-15T00:00:00Z,ANK
2003,4,25.110330120666564,26.322076611774452,24.12444953564228,0.05587124933558571,0.6450852920804157,81.56509477427883,2003-04-15T00:00:00Z,ANK
2003,5,25.546190014922473,26.30933453786248,24.258776961136604,0.06109051130072961,0.5059925902495881,169.0968891421703,2003-05-15T00:00:00Z,ANK
2003,6,24.155605878128576,25.43948492922857,23.577479607745865,0.011905542826550167,0.32402143444338394,150.20218481846274,2003-06-15T00:00:00Z,ANK
2003,7,23.505021142943068,24.66075044163771,22.951168416919643,0.03433146818270209,0.35548979429489336,113.90806598943581,2003-07-15T00:00:00Z,ANK
2003,8,23.720002377705903,24.46137251658556,23.02457998923914,0.02855667995793279,0.28894449834082747,73.75635879622766,2003-08-15T00:00:00Z,ANK
2003,9,24.27129560393503,24.81320203502627,23.545182038460958,0.028515988335379838,0.31162448291964934,134.55051084754214,2003-09-15T00:00:00Z,ANK
2003,10,24.919472519345426,25.580367482335895,23.741896387626245,0.049904540458772725,0.44187452263762633,197.1400014849789,2003-10-15T00:00:00Z,ANK
2003,11,24.538178366483095,25.83248682478843,23.42022544946755,0.052417924285940484,0.3951381177761289,185.82585288756445,2003-11-15T00:00:00Z,ANK
2003,12,24.789035337107432,25.64230084293992,23.702426271341626,0.06647924117542243,0.5771308091775865,103.5999659150881,2003-12-15T00:00:00Z,ANK
2004,1,25.973290058271026,27.11630999767475,24.49185339028169,0.17280786765857517,0.5528128353933638,246.77467856847136,2004-01-15T00:00:00Z,ANK
2004,2,25.96739478292942,27.13729988777466,24.299635488213116,0.173222405660041,0.6974297069873917,171.67821734891263,2004-02-15T00:00:00Z,ANK
2004,3,25.950772858326136,27.184076399645317,24.45681270085584,0.13129845429131626,0.7848131767199735,164.99821264034063,2004-03-15T00:00:00Z,ANK
2004,4,25.815709676368996,26.56377773219786,24.310905505092766,0.08812524021688437,0.566921440941818,112.15743354180542,2004-04-15T00:00:00Z,ANK
2004,5,25.030090168025463,26.05930187706362,24.150901363985536,0.05295356586335377,0.37881091643387904,168.5703643632284,2004-05-15T00:00:00Z,ANK
2004,6,23.5675805519418,25.183383025706558,22.95555621266908,0.013188311835736023,0.25420814569900696,52.60431006971589,2004-06-15T00:00:00Z,ANK
2004,7,23.12070458121571,24.35532565737454,22.658830338578074,0.01708194171036028,0.21893897091115846,71.44344746833283,2004-07-15T00:00:00Z,ANK
2004,8,23.1240260739163,24.25569247429567,22.641200421199265,0.00851729230464489,0.2140814583531016,65.65690620201988,2004-08-15T00:00:00Z,ANK
2004,9,24.022060281917856,24.670811405273778,23.265232890353325,0.022367424696161018,0.22574529297425877,123.41254869207194,2004-09-15T00:00:00Z,ANK
2004,10,24.004403034413713,24.876231231693435,23.133062578513588,0.019467877108010657,0.37515978386774373,116.90469086337765,2004-10-15T00:00:00Z,ANK
2004,11,24.51009804529916,25.530018687402965,23.14928155690272,0.0366995643442322,0.5640496697342805,119.42111067562108,2004-11-15T00:00:00Z,ANK
2004,12,25.44100318267326,25.76571157765091,24.184965020991875,0.09899887389895498,0.486521907942557,133.3843201997426,2004-12-15T00:00:00Z,ANK
2005,1,24.38882746557661,26.739044772737667,23.282438402227502,0.21835209339020326,1.1043763240327193,115.1519381837902,2005-01-15T00:00:00Z,ANK
2005,2,26.686169961307993,27.457199219128988,25.044030636092046,0.15121902282744912,0.5425948032427655,150.51198118732003,2005-02-15T00:00:00Z,ANK
2005,3,26.14955383794003,27.17133956642533,24.449514041131334,0.1593470355511728,0.6834428029476292,166.57723625166585,2005-03-15T00:00:00Z,ANK
2005,4,26.377691492098688,27.0927157275527,24.702903115179563,0.10966563186342926,0.604698967149779,154.6452786837169,2005-04-15T00:00:00Z,ANK
2005,5,25.438287222937888,26.27772479525691,24.305258357283172,0.040569658611089486,0.467856880161058,98.21092848382114,2005-05-15T00:00:00Z,ANK
2005,6,24.71162348252075,25.597158990729135,23.80207780523546,0.016205808282605497,0.34063492551077407,142.80827715323372,2005-06-15T00:00:00Z,ANK
2005,8,23.546346271984326,24.63796499126202,23.002759933637925,0.02875340972234425,0.10578312347230702,156.6354772790378,2005-08-15T00:00:00Z,ANK
2005,9,24.238971526065907,24.793612277689856,23.39463332089004,0.06052270731224672,0.22460201579846303,146.04836252410155,2005-09-15T00:00:00Z,ANK
2005,10,24.856552898553065,25.823257858320762,23.738892158022747,0.07258490763361239,0.4961616923325591,263.9767367920589,2005-10-15T00:00:00Z,ANK
2005,11,24.969906382199408,25.919012601277228,23.644969292157565,0.04489380787033371,0.45639918690186254,177.25018304122835,2005-11-15T00:00:00Z,ANK
2005,12,25.279318455356975,26.012888408016654,23.99694691323985,0.0720440835385203,0.5530975970186085,169.6305546603103,2005-12-15T00:00:00Z,ANK
2006,1,25.0822838523627,26.505073243893666,23.854003389654668,0.08197824431527548,0.5589711983434738,118.7970525545681,2006-01-15T00:00:00Z,ANK
2006,2,26.048080161895417,27.08351368976905,24.3339764173003,0.1121251604309549,0.5404923896549516,168.62131335466458,2006-02-15T00:00:00Z,ANK
2006,3,25.974592894078043,26.976535723206307,24.215575327232415,0.15714601116574747,0.5928676742137873,221.8964720737505,2006-03-15T00:00:00Z,ANK
2006,4,25.74556987758942,26.810404880325642,24.3953125538193,0.11379990066233021,0.6272168337543588,166.6448169328666,2006-04-15T00:00:00Z,ANK
2006,5,24.777736669034514,26.285297191453992,23.72244133646403,0.049384384873421214,0.5886783579085738,217.6249180384471,2006-05-15T00:00:00Z,ANK
2006,6,24.685930060271158,25.826944231699873,23.731190777351234,0.028901952768164523,0.43050132953533504,168.66146879848966,2006-06-15T00:00:00Z,ANK
2006,7,23.773720105482184,24.63681019942505,23.14783866471541,0.02000001513775679,0.3505901397078256,111.71673541994984,2006-07-15T00:00:00Z,ANK
2006,8,23.427255530041474,24.260939371443023,22.838817381238037,0.021595862371573592,0.2486960911347499,67.30479890119123,2006-08-15T00:00:00Z,ANK
2006,9,23.950233595451927,24.638939337021945,23.207451425635547,0.028293158456574992,0.2325342166796704,94.47090058806758,2006-09-15T00:00:00Z,ANK
2006,10,24.691446557025017,25.448682945988168,23.510937345100743,0.043573553632679445,0.3717469072140922,166.0981578099487,2006-10-15T00:00:00Z,ANK
2006,11,25.03001722925259,25.805570827381406,23.50511816763299,0.0779995796736785,0.6449490534302452,126.01977294454994,2006-11-15T00:00:00Z,ANK
2006,12,25.16857083671039,25.76604639417566,24.020969044108913,0.12744443674649228,0.790209196330505,159.9636538220487,2006-12-15T00:00:00Z,ANK
2007,1,25.125601439908007,27.262179475483705,23.754480956335662,0.39717554953720324,1.1127246353694336,244.52009188911066,2007-01-15T00:00:00Z,ANK
2007,2,26.707405971732395,27.43520258772388,25.069062086937542,0.21281411120548374,0.7247687651904396,220.89214768121798,2007-02-15T00:00:00Z,ANK
2007,3,26.278134556617545,27.21356536766828,24.670630508527253,0.1539244814836333,0.727615904239987,176.7844479581121,2007-03-15T00:00:00Z,ANK
2007,4,26.42224846603037,27.000026965344446,25.162941130659938,0.13682965994482987,0.6221160047218584,153.796699658638,2007-04-15T00:00:00Z,ANK
2007,5,25.6758519849292,26.34602986775575,24.663775191107117,0.0867253872605464,0.7185313940267484,149.28117499506737,2007-05-15T00:00:00Z,ANK
2007,6,24.228469633890942,25.442676293365135,23.53904494647487,0.025220147349908514,0.39139467766600916,107.4693678963028,2007-06-15T00:00:00Z,ANK
2007,7,23.69124697633889,24.44761871178929,23.021604905668347,0.02397201504378762,0.31201475465816225,106.02928586591715,2007-07-15T00:00:00Z,ANK
2007,8,23.212247029269683,24.3050730501723,22.650674679636897,0.015630537422920178,0.2620955166437326,72.03337876251602,2007-08-15T00:00:00Z,ANK
2007,9,23.75637015296412,24.418993150054018,23.14609710737502,0.009482823242574802,0.18726898873837913,77.49652191122955,2007-09-15T00:00:00Z,ANK
2007,10,24.124760116934738,25.23947549777519,23.171615354730978,0.019631117518975838,0.17520168840587633,98.16439745421816,2007-10-15T00:00:00Z,ANK
2007,11,24.067488251670845,25.859498830640497,23.06709400432517,0.047979548077015564,0.5059128733844596,69.03736653184333,2007-11-15T00:00:00Z,ANK
2007,12,25.434203113558556,26.114915257088988,24.0831437214097,0.13862057903826383,0.806341422312209,163.76329871268226,2007-12-15T00:00:00Z,ANK
2008,1,24.499813737558696,26.895822421481444,23.388065794243282,0.32751984198435535,1.1465917332757423,245.1618242356562,2008-01-15T00:00:00Z,ANK
2008,2,26.490231813817985,27.482510956040016,24.802236228851296,0.22585546083628472,0.8343332598202106,220.6703576752814,2008-02-15T00:00:00Z,ANK
2008,3,26.08998768890744,27.234818678595555,24.286817288439085,0.15962891285831418,0.7506166472725155,257.152949002761,2008-03-15T00:00:00Z,ANK
2008,4,26.114175440670216,27.125925309105863,24.799184288016384,0.14939249301998725,0.6407973294977725,205.4492917198888,2008-04-15T00:00:00Z,ANK
2008,5,24.878901662090833,26.22003594556511,24.07654661715648,0.043587208477396854,0.6211488330112747,135.34219300643286,2008-05-15T00:00:00Z,ANK
2008,6,23.983608985768917,25.48219479603743,23.376960398472313,0.0053787475094660125,0.3567763539132142,68.8651395224772,2008-06-15T00:00:00Z,ANK
2008,7,23.77537233677827,24.694871727793878,23.283529007211886,0.017030022000530682,0.33943561491386864,133.6896041261794,2008-07-15T00:00:00Z,ANK
2008,8,23.30151217999777,24.342962073289186,22.825275244273307,0.011086764370709741,0.20025011776321888,78.6410334903264,2008-08-15T00:00:00Z,ANK
2008,9,24.218373860348482,24.73175696367304,23.560589807458904,0.02897938826408539,0.22475870473586598,183.0447377396786,2008-09-15T00:00:00Z,ANK
2008,10,24.838211171189144,25.540233054033305,23.793615121001782,0.04065035430060026,0.3647046100770818,178.95777831719565,2008-10-15T00:00:00Z,ANK
2008,11,25.425221909376642,26.153397788609915,23.794092023635958,0.07515883581410174,0.5326759421357767,144.91971202180747,2008-11-15T00:00:00Z,ANK
2008,12,25.46052904651317,26.32338212011542,24.30880882611391,0.0888126321599541,0.4808431432654719,166.89812563693417,2008-12-15T00:00:00Z,ANK
2009,1,25.6478314590785,27.033746291835946,24.218474565696912,0.22147493808557886,0.7147288147710467,190.21723499118272,2009-01-15T00:00:00Z,ANK
2009,2,25.910747826934635,27.038769382983897,24.228562153513508,0.1399412827785337,0.5294762030246395,170.45359864274997,2009-02-15T00:00:00Z,ANK
2009,3,26.250321897529442,27.059172226979758,24.42888204784493,0.1538838843228494,0.6421315689221934,209.9978381418158,2009-03-15T00:00:00Z,ANK
2009,4,26.180389142931304,26.904223175349554,24.89498525464996,0.15192178348014543,0.7398433988694748,185.02509024951627,2009-04-15T00:00:00Z,ANK
2009,5,26.060054610826665,27.036441165137692,24.77772052216011,0.11961194823147232,0.7205612542969551,178.821210838449,2009-05-15T00:00:00Z,ANK
2009,6,24.40643615913267,25.8519777935185,23.792152929846793,0.01895644425153733,0.26919350239523543,171.49610469769195,2009-06-15T00:00:00Z,ANK
2009,7,24.081608818466876,25.07784664780961,23.516779226509147,0.015868514984457776,0.37463479071450134,241.4818385194051,2009-07-15T00:00:00Z,ANK
2009,8,23.563232163900988,24.368609965328666,23.01039552063555,0.01423635853184342,0.23388020890420577,105.3922780645927,2009-08-15T00:00:00Z,ANK
2009,9,23.818372357174713,24.475887549982,23.253243516333544,0.016933259534158848,0.17162298534424197,107.53945892816418,2009-09-15T00:00:00Z,ANK
2009,10,25.06291198995782,25.55928728543898,23.773470253019195,0.059430102113655355,0.37171468385536766,221.88978344573482,2009-10-15T00:00:00Z,ANK
2009,11,25.31306381045742,26.16515313897276,23.7438727226314,0.07070091972440619,0.46095356209868266,200.00906004693567,2009-11-15T00:00:00Z,ANK
2009,12,25.42566146959281,26.045267271486445,24.20982740485444,0.11179861467252138,0.5855384809114588,163.03517491069363,2009-12-15T00:00:00Z,ANK
2010,1,25.731821956014677,26.817927823533722,24.281418994126096,0.11567000980034807,0.5726047876378838,133.47146345342063,2010-01-15T00:00:00Z,ANK
2010,2,26.69968285320822,27.450654211592806,25.03850452845262,0.15889716071696763,0.5514911517321537,139.10437435294608,2010-02-15T00:00:00Z,ANK
2010,3,26.884049846932196,27.731445394859673,24.92935996536691,0.20266003365663748,0.6833428859407672,313.8303160819656,2010-03-15T00:00:00Z,ANK
2010,4,26.488426167905807,27.405131821314253,25.226625902688685,0.12434981155107608,0.6721321264396326,167.14576773445043,2010-04-15T00:00:00Z,ANK
2010,5,25.93280827461791,26.83844820852503,24.714151897127433,0.05612657381554755,0.5323265062110156,217.69180065306765,2010-05-15T00:00:00Z,ANK
2010,6,24.784368259673705,25.898110794821104,23.97890959826083,0.025213661906063285,0.4608441227491763,137.79821953647863,2010-06-15T00:00:00Z,ANK
2010,7,24.14143299851274,24.814117600707604,23.252471390687706,0.03202736757857934,0.37610884255835025,110.89724196996538,2010-07-15T00:00:00Z,ANK
2010,8,23.825277625907862,24.337507221293453,23.127541445160414,0.014860547219631514,0.2057523410276414,61.73815756319171,2010-08-15T00:00:00Z,ANK
2010,9,24.193867565336664,24.65872970602872,23.29408236416024,0.017147576693473613,0.21499318047360108,109.99170509312833,2010-09-15T00:00:00Z,ANK
2010,10,24.70224190630806,25.191595489895033,23.468047452907417,0.028757282579113388,0.44500924655444196,104.48574743250222,2010-10-15T00:00:00Z,ANK
2010,11,24.592456378228988,25.844735596002185,23.415168557516758,0.04662825403835664,0.5115358821083975,126.37327714536761,2010-11-15T00:00:00Z,ANK
2010,12,25.603343802277475,26.37089999760769,24.366458210454525,0.1339974978014578,0.7094531838402407,228.51396229775386,2010-12-15T00:00:00Z,ANK
2011,1,24.90960994883753,26.86694304364012,23.78558325002509,0.23351044483763522,1.0028314063855868,180.68496244164697,2011-01-15T00:00:00Z,ANK
2011,2,25.92762894594928,27.17557766792803,24.350768799024394,0.1528508615656141,0.5804806050328382,190.9649208893866,2011-02-15T00:00:00Z,ANK
2011,3,26.39999294376783,27.31494262830277,24.560005330899074,0.18540675984537544,1.0339505349411697,237.30360290068032,2011-03-15T00:00:00Z,ANK
2011,4,25.752393787720926,26.67641421705986,24.539531201768455,0.1278939427888903,0.6264607577784636,98.8439030470431,2011-04-15T00:00:00Z,ANK
2011,5,25.658788416642043,26.763544604237882,24.455086766073315,0.08896147648072021,0.4626406378687767,163.02005181532263,2011-05-15T00:00:00Z,ANK
2011,6,25.251837063578563,26.056597963749745,24.164395929683653,0.046104634994421176,0.4056409677104968,274.9315474556197,2011-06-15T00:00:00Z,ANK
2011,7,23.647460104316696,24.52968272686828,22.925955371465218,0.016064605691400936,0.22639696463435963,56.76798787545575,2011-07-15T00:00:00Z,ANK
2011,8,23.81838719231533,24.474835921239997,23.19590828307624,0.014814636709891032,0.38794330975687924,96.97694965174104,2011-08-15T00:00:00Z,ANK
2011,9,23.94684290607502,24.617399104968204,23.137023537694265,0.01659625244249135,0.22432933473806738,102.2509029125805,2011-09-15T00:00:00Z,ANK
2011,10,24.595702251668374,25.510605011114816,23.584243549837584,0.04429248798120418,0.5608944692437163,157.9498192286759,2011-10-15T00:00:00Z,ANK
2011,11,24.34722910372277,25.747849460862405,23.163922163918603,0.03275097720423818,0.5439350657152103,44.82078194246322,2011-11-15T00:00:00Z,ANK
2011,12,25.437371911481332,26.275566731685128,24.000243160460073,0.12786342243488366,0.9120979406794003,177.02497901025293,2011-12-15T00:00:00Z,ANK
2012,1,25.84728243685233,27.20318838157836,24.314251959452,0.22690632675577066,1.0430944904617625,266.08944334382545,2012-01-15T00:00:00Z,ANK
2012,2,25.258521972881113,26.7239601007842,23.573669374549695,0.1287302711006192,1.0981201642114853,130.16376557226013,2012-02-15T00:00:00Z,ANK
2012,3,25.97098071305167,27.011261292816457,24.310414155247283,0.11785905137633025,0.9864705099071897,84.61651146937332,2012-03-15T00:00:00Z,ANK
2012,4,25.527796170754545,26.673483640777164,24.16244426407643,0.09553621393881435,0.6196641643272731,151.07963582474096,2012-04-15T00:00:00Z,ANK
2012,5,25.47755502968511,26.42492253966542,24.198695736716328,0.07414277505859156,0.5387365403382914,202.15497246614825,2012-05-15T00:00:00Z,ANK
2012,6,24.295568622633365,25.439228897689635,23.549374744149652,0.008248574997128588,0.33536676626034123,69.17983362981111,2012-06-15T00:00:00Z,ANK
2012,7,23.352652199153695,24.404043113566484,22.720700706947305,0.028380323919431752,0.2524931305489721,73.6608072744428,2012-07-15T00:00:00Z,ANK
2012,8,22.94155659798437,24.243520144619257,22.39207690664155,0.020576043068209395,0.15582197085695088,47.56551099718837,2012-08-15T00:00:00Z,ANK
2012,9,24.226250950899583,24.902602207879536,23.410563527203593,0.036997008129171824,0.3265946551401021,172.38603806602933,2012-09-15T00:00:00Z,ANK
2012,10,24.47711616781939,25.511180748005327,23.471809335560724,0.028451891678909224,0.44137643010266214,164.92037205562937,2012-10-15T00:00:00Z,ANK
2012,11,25.107382617175055,26.361229970013053,23.644269699716194,0.04309958827852333,0.5526044855984549,191.19759832192634,2012-11-15T00:00:00Z,ANK
2012,12,25.76195038625216,26.41317527487644,24.41759603372329,0.14074850889598883,0.5667590183528399,231.3627817358245,2012-12-15T00:00:00Z,ANK
2013,1,25.351970891558608,27.00298936517415,24.50204222014389,0.22686010728389447,1.1712050327790262,161.52422821262851,2013-01-15T00:00:00Z,ANK
2013,2,26.610096579418915,27.57452734163541,25.09291696124227,0.14088841299901023,1.0045166262345342,233.84057516678135,2013-02-15T00:00:00Z,ANK
2013,3,25.920769608783246,27.11064944665073,24.394051837595544,0.06853414565657331,0.5250912102636258,120.65910002138993,2013-03-15T00:00:00Z,ANK
2013,4,26.486211537310265,27.041483613137206,25.126357419284872,0.10349452082409558,0.622948748951047,140.20683337002302,2013-04-15T00:00:00Z,ANK
2013,5,25.15534223989919,26.32919073753793,24.237719349587007,0.02677828704195452,0.5839492555060738,133.0155766042802,2013-05-15T00:00:00Z,ANK
2013,6,24.463105790511992,25.58685806920827,23.70491519310362,0.02847876422797311,0.36908138318722805,138.11596550300345,2013-06-15T00:00:00Z,ANK
2013,7,23.342953748019347,24.41477048523922,22.905685939279174,0.00704601766050922,0.27472364579131275,68.96791477967399,2013-07-15T00:00:00Z,ANK
2013,8,23.050173158904894,24.320879880101753,22.65088973278934,0.03598991537571502,0.2149747743772653,38.09705378012848,2013-08-15T00:00:00Z,ANK
2013,9,23.420673999190768,24.458257662227112,22.98826809314413,0.010135693157982975,0.24157232817888305,32.127016553775185,2013-09-15T00:00:00Z,ANK
2013,10,24.382831286630214,25.341901905594323,23.365643482048903,0.0509446990591298,0.403737836793355,122.33676645826426,2013-10-15T00:00:00Z,ANK
2013,11,24.630872119296576,25.75927333346057,23.482433245813095,0.03528831081489292,0.4761976236570439,125.61955468451262,2013-11-15T00:00:00Z,ANK
2013,12,25.03290372517415,26.009878396142565,23.89450415438714,0.12696305747394032,0.8455566175025611,190.84994465410554,2013-12-15T00:00:00Z,ANK
2014,1,25.95365546574921,26.971768497180047,24.47875884579573,0.14086206118810274,0.5215953527183369,182.63356261694233,2014-01-15T00:00:00Z,ANK
2014,2,25.497396687313003,26.818455734563692,24.02218521660777,0.09101001073459881,0.5245529011272295,132.1212514005415,2014-02-15T00:00:00Z,ANK
2014,3,25.98536226880554,27.005769845402874,24.441812377561323,0.16581925023674116,0.6879709232533348,178.48678690240854,2014-03-15T00:00:00Z,ANK
2014,4,26.441128773770856,27.431099159960983,24.7010244999884,0.18291453458934362,0.7448360700098235,349.4154589408666,2014-04-15T00:00:00Z,ANK
2014,5,25.220283221177777,26.21377597069642,24.094074408203937,0.027268544789085233,0.38418738531669827,103.78980480877023,2014-05-15T00:00:00Z,ANK
2014,6,24.981022495874754,25.758257394828117,23.9342506408106,0.01854938454740939,0.3549132564283886,230.66436757712535,2014-06-15T00:00:00Z,ANK
2014,7,23.71803499218539,24.890404745157795,23.007222917932555,0.026268855356389426,0.29605078548429425,108.6331572177174,2014-07-15T00:00:00Z,ANK
2014,8,23.542691751242252,24.3921999674804,22.933458946348555,0.019568754826656105,0.1264707471483493,80.29173545479641,2014-08-15T00:00:00Z,ANK
2014,9,24.04614232409382,24.47054735966406,23.36444770722915,0.013028889253343612,0.2387345332473653,85.10612838211469,2014-09-15T00:00:00Z,ANK
2014,10,24.408979236590937,25.115770529094625,23.490242440514553,0.021128425418863835,0.2336969597039982,102.3340134846987,2014-10-15T00:00:00Z,ANK
2014,11,25.22301575913913,26.36756832366771,23.81204444397039,0.07400547800780945,0.5772393372309427,249.81859911916047,2014-11-15T00:00:00Z,ANK
2014,12,24.50034433594194,26.0512640705959,23.684494633721524,0.0964007712997994,0.9412729150176561,113.2905319410192,2014-12-15T00:00:00Z,ANK
2015,1,24.116093895175858,26.464751140104536,23.11026503718683,0.106759769371156,1.013882548400558,61.19343428224155,2015-01-15T00:00:00Z,ANK
2015,2,25.494406640214024,26.73399128259612,23.90385443721474,0.08088906715859039,0.5681827132093195,122.31025604296781,2015-02-15T00:00:00Z,ANK
2015,3,25.821693780688186,27.076591396497406,24.362954594738223,0.10733113734114526,0.5694523509136538,133.25544630713645,2015-03-15T00:00:00Z,ANK
2015,4,26.586589841518887,27.322636999415522,25.074455428788532,0.19079263452346046,0.7873410770941619,274.2527261708518,2015-04-15T00:00:00Z,ANK
2015,5,25.353154311396597,26.308438569526597,24.34402005771572,0.038547481933867485,0.44552786526412974,139.9362127020477,2015-05-15T00:00:00Z,ANK
2015,6,24.58060750889154,25.70384026337158,23.8078616767867,0.007995455646443168,0.3875709686565368,184.60411340832735,2015-06-15T00:00:00Z,ANK
2015,7,23.976379252362957,24.763356484177255,23.154482605705617,0.043662459753417815,0.3949338819947466,119.86761125456783,2015-07-15T00:00:00Z,ANK
2015,8,24.133254150475437,24.60946567731469,23.241418665730155,0.04607311029306904,0.2104548921899267,96.60579018794957,2015-08-15T00:00:00Z,ANK
2015,9,24.145685884127104,24.62493276426473,23.29808087577408,0.02494135842714379,0.22767419363135058,67.66506297336716,2015-09-15T00:00:00Z,ANK
2015,10,25.06220311762428,25.569913103107456,23.757836915926216,0.0428967338258344,0.33676092764154586,173.3320094617854,2015-10-15T00:00:00Z,ANK
2015,11,25.085784071622836,26.21658274132536,23.573616682397653,0.06080967167170055,0.5563680599221581,154.66438057295753,2015-11-15T00:00:00Z,ANK
2015,12,24.97823376623887,26.545759395573032,24.004090819754957,0.22757576756361267,1.062145586927154,168.00246613008602,2015-12-15T00:00:00Z,ANK
2016,1,25.43602509159058,27.05416489514136,24.279144469476893,0.23575803048117927,1.0952121967259505,152.0229492387492,2016-01-15T00:00:00Z,ANK
2016,2,26.23504007976179,27.37175815397533,24.549924993065215,0.24814169269425723,1.1141806423023675,182.33853202472162,2016-02-15T00:00:00Z,ANK
2016,3,26.06855761141167,27.048282085146937,24.72618389563701,0.11641157836041344,0.640547097592197,98.03147345445787,2016-03-15T00:00:00Z,ANK
2016,4,26.880427748188232,27.61360203571544,25.620544427161647,0.14157606628180078,0.6249257191354214,289.54191776640425,2016-04-15T00:00:00Z,ANK
2016,5,25.414748295810085,26.164172548014047,24.48031701546964,0.04162268591749942,0.5838617257531648,95.71172980343766,2016-05-15T00:00:00Z,ANK
2016,6,24.47302475597411,25.4727626377326,23.645051256475522,0.012148482513932302,0.4229217935855673,106.85218842808666,2016-06-15T00:00:00Z,ANK
2016,7,23.888575858290473,24.532162745899527,23.18376773242714,0.017162696803769605,0.23512654035110672,113.40100720237514,2016-07-15T00:00:00Z,ANK
2016,8,23.738126851112586,24.413930634434177,23.003631232989157,0.01481164722789926,0.20038613517741385,77.16603932856326,2016-08-15T00:00:00Z,ANK
2016,9,24.328559063566246,24.805043872960255,23.54044493962892,0.010326862657740177,0.23105645245042844,169.8269267882827,2016-09-15T00:00:00Z,ANK
2016,10,25.153013497352784,25.433109346294607,23.71359574368108,0.04033984385033066,0.5322974899315507,187.9240355475254,2016-10-15T00:00:00Z,ANK
2016,11,25.66188017781305,26.39389087103026,24.019051767558068,0.07030836023559166,0.5451010282958173,171.61910744538625,2016-11-15T00:00:00Z,ANK
2016,12,25.712847635575688,26.260676623650934,24.42316837427541,0.09434694335408342,0.5218182616863425,141.06511888491798,2016-12-15T00:00:00Z,ANK
2017,1,26.471594741393975,27.23580928943613,24.877511505978156,0.15460262710948716,0.61548210453673,218.83884769039756,2017-01-15T00:00:00Z,ANK
2017,2,25.879650690773182,27.007507244142882,24.322928876962703,0.09675544239448935,0.5723596072494206,157.13907440124615,2017-02-15T00:00:00Z,ANK
2017,3,26.34808259197192,27.224652168486962,24.77319058617473,0.10959542944549591,0.6436445939813765,165.85471152273752,2017-03-15T00:00:00Z,ANK
2017,4,25.963893732910556,26.994969621486966,24.57143688581487,0.1065680767256595,0.6159079081650914,204.71554058395466,2017-04-15T00:00:00Z,ANK
2017,5,26.567554947616294,27.250621225532996,25.057485888012007,0.11864349124515472,0.5813707872593741,296.7199756313778,2017-05-15T00:00:00Z,ANK
2017,6,24.608426187906197,25.55848377143509,23.699816474792996,0.0073982467302081386,0.3886434733057489,78.092074160199,2017-06-15T00:00:00Z,ANK
2017,7,24.01408893433975,24.690085198584917,23.21832871591395,0.02403046270260178,0.29427374108388904,140.741975236534,2017-07-15T00:00:00Z,ANK
2017,8,23.657031965634673,24.43010984710827,22.994965251746848,0.02566747536690541,0.2718284286827988,105.20707286443876,2017-08-15T00:00:00Z,ANK
2017,9,24.156582711103937,24.902904172943703,23.419711489043056,0.03768105430761515,0.3245353492235869,93.87355796666533,2017-09-15T00:00:00Z,ANK
2017,10,25.208671850682624,25.8699704223981,23.874597055793366,0.05987207955197939,0.5506061013088451,205.34840532890072,2017-10-15T00:00:00Z,ANK
2017,11,24.261375226484958,25.798930480696278,23.198489205948484,0.042751153999086806,0.5641424126661966,112.67141772960971,2017-11-15T00:00:00Z,ANK
2017,12,26.199140855251922,26.67712116151088,24.533827578805667,0.1827120821966371,0.58548031806435,272.08687952061115,2017-12-15T00:00:00Z,ANK
