year,month,Tmean,Tmax,Tmin,VPDmean,VPDmax,date,site
1979,1,25.390281023031854,27.40604890945271,22.04983594213084,1.0112377093560256,3.300919018911981,1979-01-15T00:00:00Z,BOB
1979,2,26.13361198372686,27.98710522854752,22.572331206685433,1.0970383276493858,3.414286407387321,1979-02-15T00:00:00Z,BOB
1979,3,26.307226916771455,28.594616452693256,22.822876335983057,0.7598836020250064,2.2449820612236664,1979-03-15T00:00:00Z,BOB
1979,4,26.942059271647718,28.7276349846499,23.378410300992385,0.8100715552114215,2.22639960154659,1979-04-15T00:00:00Z,BOB
1979,5,25.691142014239134,27.6666449103452,22.51315373108833,0.5443285837262734,2.0178625883838035,1979-05-15T00:00:00Z,BOB
1979,6,24.850186621700068,26.809791752680066,22.461627969472122,0.43543559367944756,1.5311594208132628,1979-06-15T00:00:00Z,BOB
1979,7,24.110744031191096,26.1856789417369,22.33978578065715,0.3394251827935199,1.3815162283236435,1979-07-15T00:00:00Z,BOB
1979,8,24.43483773866524,26.155920227862563,22.339249216280415,0.39044884240207434,1.4766994414879735,1979-08-15T00:00:00Z,BOB
1979,9,24.180810763450317,26.24129584200083,22.254854605064427,0.30424502811012616,1.3439898166171431,1979-09-15T00:00:00Z,BOB
1979,10,24.590366442114178,26.857375261808297,22.337339889197764,0.3602676798299933,1.5761686760110605,1979-10-15T00:00:00Z,BOB
1979,11,26.075125114884358,27.92027600380596,22.75890208429048,0.6252135766259868,1.8298744641980575,1979-11-15T00:00:00Z,BOB
1979,12,25.413079962172105,27.578868239445573,22.53989422030046,0.7834802513029162,2.247594898453429,1979-12-15T00:00:00Z,BOB
1980,1,26.549864476431672,28.67618245543371,22.551131523914872,1.0678809081004017,3.6360214457719553,1980-01-15T00:00:00Z,BOB
1980,2,26.46098288818069,28.684021770896834,23.280993672052926,1.124315648337091,2.962835603120059,1980-02-15T00:00:00Z,BOB
1980,3,26.597872730669266,29.09695823519097,23.224636483419545,0.8772123882095686,2.2803635923870864,1980-03-15T00:00:00Z,BOB
1980,4,27.271383308462543,29.555248429543408,23.66089456829069,0.8703735683123182,2.1830213600267627,1980-04-15T00:00:00Z,BOB
1980,5,25.468848182046486,27.462377215402775,22.39674799321434,0.45503289729380064,1.995657121495175,1980-05-15T00:00:00Z,BOB
1980,6,25.15100249769856,26.883458809584376,22.620048405185983,0.4926051587751835,1.6824655972953348,1980-06-15T00:00:00Z,BOB
1980,7,23.5490535284372,25.486215359847506,22.085812156398717,0.26821798164499067,1.3079892724479596,1980-07-15T00:00:00Z,BOB
1980,8,24.01101308314709,26.141385541996915,22.291005643725786,0.29158530907377267,1.1760185521756237,1980-08-15T00:00:00Z,BOB
1980,9,24.22752448388625,26.3367572763987,22.273572545832177,0.2860485457872255,1.4442222190515834,1980-09-15T00:00:00Z,BOB
1980,10,24.40954274506357,26.63393714736741,22.2912889923154,0.29773318165983875,1.4590521044543427,1980-10-15T00:00:00Z,BOB
1980,11,25.012330166231564,26.961637669775605,22.55452690994136,0.35254298618675395,1.4764259402059434,1980-11-15T00:00:00Z,BOB
1980,12,25.801701877312727,27.707589842074054,22.799119453608043,0.7949312552016196,2.4383720917323903,1980-12-15T00:00:00Z,BOB
1981,1,26.209955542846796,27.995914215748453,22.42233595882781,1.012476389850078,2.96456688793482,1981-01-15T00:00:00Z,BOB
1981,2,26.359274564598632,28.454549701159483,22.832524379714478,1.0094291017122528,2.8883651399093084,1981-02-15T00:00:00Z,BOB
1981,3,25.89168769249432,28.092251321917768,22.72083624813494,0.6161158644051232,2.221111630663418,1981-03-15T00:00:00Z,BOB
1981,4,27.181076511183992,29.39405724146615,23.16519721090297,0.8451101448160315,2.285380962320673,1981-04-15T00:00:00Z,BOB
1981,5,25.75034757969631,27.810146726925865,22.670550213962063,0.5156833776785202,1.927510445017059,1981-05-15T00:00:00Z,BOB
1981,6,25.16383109062935,27.28446469161331,22.495709655326216,0.45684124495396533,1.4802994416927295,1981-06-15T00:00:00Z,BOB
1981,7,24.579128242063614,26.31976716293758,22.47121060154415,0.3648631568129245,1.2322478223443314,1981-07-15T00:00:00Z,BOB
1981,8,24.249803411948108,26.17375227673258,22.27167952472596,0.35590497138261434,1.421622383464571,1981-08-15T00:00:00Z,BOB
1981,9,24.045537696591584,25.94789849436844,22.252833618328502,0.26184820008000087,1.4440914074570481,1981-09-15T00:00:00Z,BOB
1981,10,25.388562925210426,27.307053060544668,22.523210597569552,0.4500953704255136,1.6335512549737863,1981-10-15T00:00:00Z,BOB
1981,11,25.96444421136609,27.86663319539368,22.743721177121394,0.6189518086980209,1.850241754731428,1981-11-15T00:00:00Z,BOB
1981,12,24.63337882472506,26.901995130384613,22.081171077473755,0.5404387170966872,1.676566054024053,1981-12-15T00:00:00Z,BOB
1982,1,25.913294812450967,28.122262036447896,22.52750943922888,1.0925270765665367,3.794116935690328,1982-01-15T00:00:00Z,BOB
1982,2,26.70873325652701,29.26949347492373,23.093414185290825,1.2884603383529072,3.3282499672661787,1982-02-15T00:00:00Z,BOB
1982,3,27.251111777672072,29.667582878504653,23.615855489796267,0.9757509712846253,2.227569984669025,1982-03-15T00:00:00Z,BOB
1982,4,26.910035896607166,28.99254096632815,23.254742063897673,0.8148031793647518,2.1554487045325104,1982-04-15T00:00:00Z,BOB
1982,5,24.913673502174536,27.35066011364709,22.53559712806102,0.38892622726807524,1.9503843573898667,1982-05-15T00:00:00Z,BOB
1982,6,24.666824252706547,27.531664640499127,22.348544496382328,0.33897520923532004,1.5424399298926124,1982-06-15T00:00:00Z,BOB
1982,7,23.262504307542585,26.160092712174112,21.925101356306786,0.16908981064445305,1.3856507386414607,1982-07-15T00:00:00Z,BOB
1982,8,24.515854458201897,26.36934267767918,22.42448086620247,0.35936168378626837,1.1614868111581154,1982-08-15T00:00:00Z,BOB
1982,9,24.164870310928034,26.267867418343094,22.197973703449282,0.2784959455929073,1.1785896820614177,1982-09-15T00:00:00Z,BOB
1982,10,24.852490013686417,27.064896874488998,22.507575218775003,0.34514042804411743,1.5616432390225288,1982-10-15T00:00:00Z,BOB
1982,11,24.94308236062166,26.977151331769207,22.44456673026366,0.35597169154724084,1.492014969643017,1982-11-15T00:00:00Z,BOB
1982,12,25.79864385161296,27.81967316608525,23.172681158279957,0.8131942358913157,2.4656862954624095,1982-12-15T00:00:00Z,BOB
1983,1,26.029085178966984,28.597261575400893,22.509737931437982,1.1702698404375127,2.9984721144226025,1983-01-15T00:00:00Z,BOB
1983,2,26.93554331815793,29.958759376326537,22.90327222737126,1.3249106895693035,3.2736521550498026,1983-02-15T00:00:00Z,BOB
1983,3,28.57759445262812,30.85138906310328,23.696084941196258,1.2852858764517339,2.413981106808859,1983-03-15T00:00:00Z,BOB
1983,4,26.77883461488912,29.36391047710525,23.458257641199292,0.748746700049487,2.2664779549883454,1983-04-15T00:00:00Z,BOB
1983,5,26.258814839438216,28.553563856469847,23.01577146136226,0.5803197672132757,2.020112188704943,1983-05-15T00:00:00Z,BOB
1983,6,24.584720912974998,26.56249660633848,22.35956124178888,0.3579960119337704,1.8125332317654235,1983-06-15T00:00:00Z,BOB
1983,7,24.66877893427913,26.473840317436544,22.519946140103627,0.3671463375590837,1.1142839244864,1983-07-15T00:00:00Z,BOB
1983,8,24.026177131022635,26.040740653293405,22.34644196334816,0.3388094864609684,1.3644784126781546,1983-08-15T00:00:00Z,BOB
1983,9,24.616586938192366,26.558575997571566,22.465826889151273,0.3616298432713684,1.2626239994149904,1983-09-15T00:00:00Z,BOB
1983,10,24.574841355903683,26.65841412989324,22.420664973297804,0.3413029818634115,1.4496046522292905,1983-10-15T00:00:00Z,BOB
1983,11,25.418161284448765,27.472209059812574,22.684580280639338,0.4795586254378827,1.5594306181591562,1983-11-15T00:00:00Z,BOB
1983,12,25.120496228379732,26.940942727156905,22.563610940158114,0.6888378743616351,2.2171613395531793,1983-12-15T00:00:00Z,BOB
1984,1,26.53717623089486,28.479634232639732,22.52484093924855,1.0398180626930058,2.959522920853013,1984-01-15T00:00:00Z,BOB
1984,2,25.662184328244958,27.96000501043281,23.03793983177379,0.8902276672992758,3.2916236081445014,1984-02-15T00:00:00Z,BOB
1984,3,27.492702603192313,29.891876779663082,23.65229098903191,0.9390956920748299,2.3515853947516443,1984-03-15T00:00:00Z,BOB
1984,4,25.516056804254003,27.909660102535174,22.926474769406415,0.5649118198934003,2.1751861888597883,1984-04-15T00:00:00Z,BOB
1984,5,25.521370290952717,27.752314028671385,22.75839083026716,0.4929513685190406,2.080881105785447,1984-05-15T00:00:00Z,BOB
1984,6,24.810774928107246,26.69492141880663,22.15672846369293,0.35673555811089086,1.6889887626456377,1984-06-15T00:00:00Z,BOB
1984,7,24.764405051813462,26.737117691816636,22.219937835407386,0.43098276068424285,1.5931419769328694,1984-07-15T00:00:00Z,BOB
1984,8,25.602770623008414,27.295282041982855,22.685826618970843,0.5237691738827615,1.5038263950324953,1984-08-15T00:00:00Z,BOB
1984,9,25.01531579270672,26.878891982106335,22.504951880269275,0.44233950900806107,1.564194701517951,1984-09-15T00:00:00Z,BOB
1984,10,25.243382654792807,27.328788848071095,22.671830278597934,0.4451756238956464,1.4936156586368832,1984-10-15T00:00:00Z,BOB
1984,11,26.011715840390885,27.923793300745224,22.67373623421233,0.6205855066129227,1.582629276956704,1984-11-15T00:00:00Z,BOB
1984,12,25.830843394320745,27.975719261364237,23.240264834900866,0.9963637116680754,2.6248820814526965,1984-12-15T00:00:00Z,BOB
1985,1,26.93926398949729,28.90778621967901,22.617340847689146,1.2261606228999584,3.7501363776259415,1985-01-15T00:00:00Z,BOB
1985,2,26.541639239920993,28.987343202828644,22.638894247337642,1.1209713710081028,2.6438030451170444,1985-02-15T00:00:00Z,BOB
1985,3,26.954859797949617,29.62568555714119,23.62268818295449,0.9786765762427178,2.436537281715695,1985-03-15T00:00:00Z,BOB
1985,4,27.588925111382952,29.331644196224804,23.25445355711957,1.0135321597960831,2.222049280182773,1985-04-15T00:00:00Z,BOB
1985,5,25.424749359761137,27.499883598234437,22.720982985526064,0.4512212364221871,2.0509741584531636,1985-05-15T00:00:00Z,BOB
1985,6,25.22136014630791,27.45354845045909,22.46470184622942,0.48065769350454624,1.5577043372702781,1985-06-15T00:00:00Z,BOB
1985,7,24.623918816376136,26.514293079965533,22.402920431095154,0.4158113180012194,1.3738363444969366,1985-07-15T00:00:00Z,BOB
1985,8,23.641038620174356,25.40657156115506,21.99477195725397,0.2587895553529812,1.3385226650526356,1985-08-15T00:00:00Z,BOB
1985,9,25.440596867010548,27.43694665238131,22.43253127188213,0.5201028817718002,1.5547142638931672,1985-09-15T00:00:00Z,BOB
1985,10,25.15626043451029,27.465855189073327,22.682373872358774,0.42990115411235963,1.5962119236442311,1985-10-15T00:00:00Z,BOB
1985,11,25.442038528481852,27.92322295431333,22.73137436093309,0.5208977203983649,1.7887400516955578,1985-11-15T00:00:00Z,BOB
1985,12,26.275415497898155,27.87529774465066,23.02258918603933,1.0397571417403724,3.2747490831743167,1985-12-15T00:00:00Z,BOB
1986,1,25.678686063102028,27.876625029997513,22.294200197920773,1.0725645254748155,3.5335702494505905,1986-01-15T00:00:00Z,BOB
1986,2,26.691907460032255,29.09968045966264,23.040292282929716,1.2557610908474426,3.1626752185379314,1986-02-15T00:00:00Z,BOB
1986,3,26.44412452723763,28.63476143872733,22.927525343047687,0.907208018232903,2.3766066954030025,1986-03-15T00:00:00Z,BOB
1986,4,28.13166546538705,29.77287688619228,23.65975738564884,1.0491899621411842,2.29841744468624,1986-04-15T00:00:00Z,BOB
1986,5,25.98240514388791,28.303505165068024,22.776003796508185,0.5658941277319908,1.9045943090634674,1986-05-15T00:00:00Z,BOB
1986,6,25.411176440582064,27.35535298590546,22.5567528844538,0.47514890376237734,1.5277833111064636,1986-06-15T00:00:00Z,BOB
1986,7,24.40291315250154,26.017552169521597,22.348500974754995,0.40372540971720616,1.3577102172743782,1986-07-15T00:00:00Z,BOB
1986,8,23.975004045095687,25.91347583746827,22.098285528668466,0.2920698918808561,1.3682920481855179,1986-08-15T00:00:00Z,BOB
1986,9,25.35921891185055,27.571146910284757,22.662296506146436,0.5034916432012345,1.7565599403452765,1986-09-15T00:00:00Z,BOB
1986,10,24.820926509064666,27.152704964088297,22.49304253784011,0.38597260706623576,1.6620193339681835,1986-10-15T00:00:00Z,BOB
1986,11,24.922408454629043,26.88312768796748,22.658108557753007,0.4146008004158222,1.4713257496862135,1986-11-15T00:00:00Z,BOB
1986,12,25.767585945891764,27.653595171059244,23.106465265620784,0.8831100375996518,2.879743604131945,1986-12-15T00:00:00Z,BOB
1987,1,26.18122260163589,28.0477602654819,22.20705034948412,1.0428670627250611,3.09620164290479,1987-01-15T00:00:00Z,BOB
1987,2,27.359690451527754,29.19142189092992,23.20304117239548,1.2903322847993988,2.9870494632720157,1987-02-15T00:00:00Z,BOB
1987,3,25.921643437819387,28.480128775594984,22.86479319670648,0.6815009174577261,2.406500303274808,1987-03-15T00:00:00Z,BOB
1987,4,27.735264635155296,29.65996552053324,23.358169789079327,0.9853445753403418,2.378739694173397,1987-04-15T00:00:00Z,BOB
1987,5,26.229973883934615,28.439701556076923,23.210161781029043,0.6412544163932328,2.4187851168984196,1987-05-15T00:00:00Z,BOB
1987,6,25.431761845147005,27.3894690495407,22.566966641223992,0.5726182878691608,1.6907129817398763,1987-06-15T00:00:00Z,BOB
1987,7,24.683710392952108,26.47420131981224,22.40836368940328,0.3862065396106216,1.4096325106401542,1987-07-15T00:00:00Z,BOB
1987,8,24.715761589268755,26.84835473228029,22.373868976787964,0.3672420395874939,1.5257121725003608,1987-08-15T00:00:00Z,BOB
1987,9,25.353334316951635,27.287649102869633,22.55351753267984,0.44856739383212485,1.5498561221050182,1987-09-15T00:00:00Z,BOB
1987,10,25.113991181913462,27.33199526965907,22.551201154799394,0.39225115467024546,1.4691376897761723,1987-10-15T00:00:00Z,BOB
1987,11,25.664302402676775,27.57242523116984,22.645350233377922,0.5094425644814001,1.756734811687376,1987-11-15T00:00:00Z,BOB
1987,12,26.600030573847082,28.26308602149549,23.392232427982407,0.9638691095612723,2.5639585213938743,1987-12-15T00:00:00Z,BOB
1988,1,26.1061896859241,28.543822013119506,22.482653485696694,1.0941114324770447,3.625208178815079,1988-01-15T00:00:00Z,BOB
1988,2,27.66031452084695,29.969914731024627,23.715229830596535,1.3493714781138115,3.233106498925871,1988-02-15T00:00:00Z,BOB
1988,3,26.522205909537764,28.985666106767844,23.094227764640827,0.8372094592830841,2.4621950864049165,1988-03-15T00:00:00Z,BOB
1988,4,27.134592323460655,29.500881380562067,23.59265693458798,0.8805065874473483,2.321381535562924,1988-04-15T00:00:00Z,BOB
1988,5,25.680261612606685,28.47562534481174,22.782432056634814,0.5582483653759048,2.1036198374931954,1988-05-15T00:00:00Z,BOB
1988,6,25.871257750792186,27.829964376694267,22.621117817032413,0.6005821866258112,1.6914520953933605,1988-06-15T00:00:00Z,BOB
1988,7,24.055347277364138,25.792199479617125,22.206698171423604,0.342876857183877,1.4933565884540165,1988-07-15T00:00:00Z,BOB
1988,8,25.324917387650355,27.25527610962423,22.56511159665493,0.49432240636486596,1.5694683532017,1988-08-15T00:00:00Z,BOB
1988,9,25.58199783230425,27.51413069429369,22.78407431272348,0.4933150316082257,1.6161611839081094,1988-09-15T00:00:00Z,BOB
1988,10,24.746442444063515,26.518568323759823,22.455074901909548,0.3350024584496615,1.464861933728258,1988-10-15T00:00:00Z,BOB
1988,11,24.973654368530234,27.084227252369615,22.459340124609568,0.42512476883649897,1.7716108632587477,1988-11-15T00:00:00Z,BOB
1988,12,25.478940989885217,27.3267621419645,22.504437497654063,0.7280174249212122,2.853028467654204,1988-12-15T00:00:00Z,BOB
1989,1,26.79542206860046,28.763027859684634,22.11141325371284,1.1316047828741804,2.809973826748321,1989-01-15T00:00:00Z,BOB
1989,2,26.230015290007714,28.059827419716296,22.419334037710332,0.9167376260437867,2.7450361723119894,1989-02-15T00:00:00Z,BOB
1989,3,26.102676028333807,28.5945962345517,23.08875826724021,0.7168363912295229,2.356512144645897,1989-03-15T00:00:00Z,BOB
1989,4,27.02036657710855,28.841361745758626,23.32059520084428,0.7323186664198655,2.134778724669199,1989-04-15T00:00:00Z,BOB
1989,5,26.777323474991878,28.612763252099448,23.02537620830075,0.693742225391111,2.020784450016097,1989-05-15T00:00:00Z,BOB
1989,6,25.652751118630906,27.382319082963537,22.60551731747858,0.4451994870772605,1.4304470064279746,1989-06-15T00:00:00Z,BOB
1989,7,24.31411818518868,25.90272049372664,22.194950007607144,0.2905013254710297,1.1764619238487284,1989-07-15T00:00:00Z,BOB
1989,8,24.391358109914076,25.881876915467995,22.273057485197757,0.29279080670876706,1.387377093211981,1989-08-15T00:00:00Z,BOB
1989,9,24.392851651299836,26.066076527946763,22.19529199781891,0.2345688473017387,1.5490443171124968,1989-09-15T00:00:00Z,BOB
1989,10,25.126700295747362,27.026726711462977,22.492302130341113,0.36121779377254454,1.6011480278227666,1989-10-15T00:00:00Z,BOB
1989,11,26.50020833435671,28.58575206642334,23.156355535439115,0.6296056749852699,1.6355333264477099,1989-11-15T00:00:00Z,BOB
1989,12,25.275421561315188,26.906369738172504,22.236058119066556,0.5246683976039279,1.9582327841129008,1989-12-15T00:00:00Z,BOB
1990,1,24.927106839133803,26.922920834075597,21.661858868155488,0.544523162571809,2.958057761148183,1990-01-15T00:00:00Z,BOB
1990,2,27.15858156629752,28.813632020134193,22.843633264448687,1.1364930200421595,2.7768504918583417,1990-02-15T00:00:00Z,BOB
1990,3,26.646586949904002,28.753466450153084,23.183369296190996,0.6869423220467544,2.4529678541377793,1990-03-15T00:00:00Z,BOB
1990,4,26.709645792773568,28.77461946600409,23.119721920960618,0.6887361994873794,2.221230403626881,1990-04-15T00:00:00Z,BOB
1990,5,25.326523795937664,27.34102820267931,22.577446456004658,0.3853003717006736,2.0156620681498554,1990-05-15T00:00:00Z,BOB
1990,6,25.508460261749153,27.251313428297316,22.665850431744683,0.44907807177592773,1.5922609923780597,1990-06-15T00:00:00Z,BOB
1990,7,24.8109006828374,26.095516439433602,22.421725921317204,0.322399316970057,1.0605635777028566,1990-07-15T00:00:00Z,BOB
1990,8,24.794738794047348,26.28035045558602,22.35715519230305,0.3423293055063762,1.0947259286022601,1990-08-15T00:00:00Z,BOB
1990,9,24.82197548428703,26.65598858859863,22.334173342315005,0.32657278051157146,1.2148531283468595,1990-09-15T00:00:00Z,BOB
1990,10,24.7753187786938,26.53276628540926,22.356940505052084,0.3172864789355151,1.613126079523489,1990-10-15T00:00:00Z,BOB
1990,11,26.869660122155924,28.549298747208383,22.917295445952426,0.7477253361891483,1.728668207403897,1990-11-15T00:00:00Z,BOB
1990,12,25.81308083926676,27.27435948800896,22.708783254643702,0.7834766073718529,2.269329703485345,1990-12-15T00:00:00Z,BOB
1991,1,26.103963154248348,28.223079089112527,22.211419403313563,0.9332720215159523,3.168828467172633,1991-01-15T00:00:00Z,BOB
1991,2,25.71214157235837,27.921829131241715,22.17185421716629,0.8787506308798397,2.487243808369663,1991-02-15T00:00:00Z,BOB
1991,3,25.72160616140179,28.237127488554528,22.807239544870708,0.6492968086123493,2.316056195311305,1991-03-15T00:00:00Z,BOB
1991,4,27.256443732267215,29.157554128088687,23.101053589377912,0.8508671171130974,2.057921952567452,1991-04-15T00:00:00Z,BOB
1991,5,26.34741231438808,28.599588603374173,23.042414037976737,0.5567862426554988,2.110913144565016,1991-05-15T00:00:00Z,BOB
1991,6,25.61387424558335,27.42473119372717,22.81154900336529,0.4283219459610205,1.813785246199986,1991-06-15T00:00:00Z,BOB
1991,7,24.95459687350625,26.349816594212786,22.433429307714384,0.3687546593979778,1.28495567897692,1991-07-15T00:00:00Z,BOB
1991,8,24.16467065385897,25.76944672337535,22.099918163639686,0.23914556368764897,1.2710044324234697,1991-08-15T00:00:00Z,BOB
1991,9,25.155651825459188,26.91786640157576,22.36237598100324,0.3754902816038132,1.2421951791878691,1991-09-15T00:00:00Z,BOB
1991,10,25.362124371572737,27.260136275976922,22.68448875919956,0.44489723991454405,1.5328815594748582,1991-10-15T00:00:00Z,BOB
1991,11,26.129539757495575,27.876694223080058,22.683317203509493,0.5315953520720053,1.559474086894525,1991-11-15T00:00:00Z,BOB
1991,12,25.391501083578987,27.098732913675292,22.58370834441889,0.6216209994575174,2.171575800033792,1991-12-15T00:00:00Z,BOB
1992,1,26.10020750722392,28.10986083517834,21.908601663476187,0.8890985782017818,3.1815515750569365,1992-01-15T00:00:00Z,BOB
1992,2,26.626399561980197,29.141434267652137,22.872613085301474,1.1201937364860182,2.9447087806312497,1992-02-15T00:00:00Z,BOB
1992,3,25.6074088422912,27.890941357071785,22.706231180982382,0.5497679145037226,2.1101772545551887,1992-03-15T00:00:00Z,BOB
1992,4,27.349047469214504,29.179704817191126,23.329046504714817,0.7770322694596481,2.1369843933622654,1992-04-15T00:00:00Z,BOB
1992,5,25.206944819878228,27.36342380660226,22.623884201136285,0.3838797362620523,1.8933612163479396,1992-05-15T00:00:00Z,BOB
1992,6,25.035346602980237,26.734412752794384,22.35412157397602,0.4019700004910265,1.5363557374298464,1992-06-15T00:00:00Z,BOB
1992,7,24.68011121510531,26.44800683391715,22.348188392656642,0.360463732210402,1.2062524811332795,1992-07-15T00:00:00Z,BOB
1992,8,24.66215671402631,26.464218031862465,22.410432090819814,0.3361281846506843,1.2632437844714677,1992-08-15T00:00:00Z,BOB
1992,9,25.34127328904768,26.974230737281392,22.507614187915653,0.4108024184423545,1.2427178035740467,1992-09-15T00:00:00Z,BOB
1992,10,24.990160542034747,26.906246910442974,22.514932009560166,0.36339551461586755,1.582761939632229,1992-10-15T00:00:00Z,BOB
1992,11,25.758841628243154,27.625484055359312,22.53881491916937,0.4566169213705512,1.5887306065558415,1992-11-15T00:00:00Z,BOB
1992,12,25.609984707123974,27.325970832636123,22.409782061745894,0.7802379407946425,2.334611203965027,1992-12-15T00:00:00Z,BOB
1993,1,27.132959804799373,29.175938933658813,22.28996990938846,1.291726408457326,2.9534614606678344,1993-01-15T00:00:00Z,BOB
1993,2,26.66839926254051,28.927772883780143,22.73771511399918,0.937655822529373,2.93433775981173,1993-02-15T00:00:00Z,BOB
1993,3,26.595359784848203,28.733387934451184,22.804810825504834,0.8259691531064205,2.2082109270575034,1993-03-15T00:00:00Z,BOB
1993,4,26.730865369901572,28.71585752290104,22.908834980346963,0.6846666654930748,2.216659538959218,1993-04-15T00:00:00Z,BOB
1993,5,24.431316825529464,26.54691403318109,22.464528197642263,0.20146227060149308,1.8421710006475407,1993-05-15T00:00:00Z,BOB
1993,6,25.03027722039947,26.70424034056991,22.34643533566905,0.35848472312259677,1.3520405603590548,1993-06-15T00:00:00Z,BOB
1993,7,24.759306435851162,26.229475066286287,22.27567445208926,0.34902535137073554,1.291186708399994,1993-07-15T00:00:00Z,BOB
1993,8,25.039074616512618,26.457291376954196,22.375201254521894,0.3490271226870305,1.2066387803051732,1993-08-15T00:00:00Z,BOB
1993,9,25.287898600267777,26.936011950090553,22.371894886477808,0.4055121536686548,1.471789966342516,1993-09-15T00:00:00Z,BOB
1993,10,26.085571456283912,27.882627909108457,22.623045125265932,0.5048275042712382,1.5201953664128833,1993-10-15T00:00:00Z,BOB
1993,11,26.278400961397335,28.136519821410975,22.688239837760594,0.6310020296504903,1.7065338843913473,1993-11-15T00:00:00Z,BOB
1993,12,25.708526154866536,27.687554843984042,22.631517245151173,0.7928535598709007,2.508537893662292,1993-12-15T00:00:00Z,BOB
1994,1,25.526347755261952,27.555159471075914,21.80255166174647,0.644159477577329,2.442298040701846,1994-01-15T00:00:00Z,BOB
1994,2,24.720583717634547,26.674290849365267,22.024530538964964,0.4970017133826009,2.4805541540407416,1994-02-15T00:00:00Z,BOB
1994,3,26.671898589546906,28.555727992542057,23.214330240386783,0.6644070050210548,2.3575991785543597,1994-03-15T00:00:00Z,BOB
1994,4,25.776053965083772,28.1123727756518,22.93023866312107,0.5263538676206708,2.1100362909683876,1994-04-15T00:00:00Z,BOB
1994,5,25.74353127459792,27.647032544161267,22.564791469402937,0.4617994290648734,2.090523903665041,1994-05-15T00:00:00Z,BOB
1994,6,25.425723258666434,26.921221144823846,22.40641527487684,0.4579035981548185,1.6279232422183052,1994-06-15T00:00:00Z,BOB
1994,7,24.536092164484707,26.004408891405443,22.26829457045385,0.3037535593771203,1.1253942954375464,1994-07-15T00:00:00Z,BOB
1994,8,25.123451232354242,26.666968126007724,22.329928255050877,0.4056223087289829,1.0814631694211083,1994-08-15T00:00:00Z,BOB
1994,9,24.899102360379977,26.708525212517745,22.354693192866947,0.3485134795759049,1.3296020351700184,1994-09-15T00:00:00Z,BOB
1994,10,24.62576404103326,26.45757575196793,22.231471426193938,0.2535588312417103,1.4583527537780678,1994-10-15T00:00:00Z,BOB
1994,11,26.329660955341442,28.319628785386737,22.758554548323254,0.6615538369149113,1.5912968697850525,1994-11-15T00:00:00Z,BOB
1994,12,26.520542120902768,28.274087299429404,22.84946187185785,0.998305457289425,2.8430154128864116,1994-12-15T00:00:00Z,BOB
1995,1,26.06288877706426,28.332294139458256,22.18461603865307,1.1186543979069588,3.168081296731333,1995-01-15T00:00:00Z,BOB
1995,2,25.268411832398368,27.535819036416186,22.219961600441973,0.8040155942558722,2.698678307603733,1995-02-15T00:00:00Z,BOB
1995,3,27.357667973782924,29.76025343564625,23.257054921515433,0.9113265274938507,2.3548729172679215,1995-03-15T00:00:00Z,BOB
1995,4,26.970010927969266,29.521929302996366,23.636682748825955,0.7328251073594719,2.2075072604940966,1995-04-15T00:00:00Z,BOB
1995,5,26.193727854261933,28.188603476623346,22.882586159878965,0.5326073325932148,2.052528826329454,1995-05-15T00:00:00Z,BOB
1995,6,25.65517411758616,27.494445045115786,22.61928447064038,0.45752325471416205,1.722962990412726,1995-06-15T00:00:00Z,BOB
1995,7,25.022239003896303,26.417983663138852,22.421185746044515,0.3438335516489073,1.4847938162091867,1995-07-15T00:00:00Z,BOB
1995,8,24.739109432984662,26.138813314071744,22.20869356082273,0.29474380071380196,1.2312383276636605,1995-08-15T00:00:00Z,BOB
1995,9,25.061884983983582,26.779630993762257,22.304249004315466,0.3370969738708405,1.5069557282622081,1995-09-15T00:00:00Z,BOB
1995,10,25.97163119528723,27.699939369784474,22.526542939439864,0.5688810139017085,1.5603680678443657,1995-10-15T00:00:00Z,BOB
1995,11,25.56907639006329,27.39777942225951,22.573118696288674,0.4920079937182072,1.6929259223320763,1995-11-15T00:00:00Z,BOB
1995,12,25.201776413531753,27.24295072782605,22.647774963019526,0.6550296511927477,2.7378801242779125,1995-12-15T00:00:00Z,BOB
1996,1,25.44086661257439,27.56608057126421,21.55879365124198,0.7854494890715715,2.372472561711506,1996-01-15T00:00:00Z,BOB
1996,2,26.072234233353363,28.468957304194618,22.485917116769087,0.9054807668416291,2.842812941710989,1996-02-15T00:00:00Z,BOB
1996,3,27.077903555535173,29.69660183928776,23.336723471442458,0.9010874046778152,2.52951288693049,1996-03-15T00:00:00Z,BOB
1996,4,27.556387676205006,29.98678120982268,23.41902891239204,0.8997846694657652,2.0880491734421587,1996-04-15T00:00:00Z,BOB
1996,5,26.085825376952887,28.131082358549214,22.849714682842404,0.5592776570732829,1.9714492077222292,1996-05-15T00:00:00Z,BOB
1996,6,25.46692835549691,27.1636912818069,22.65885093671632,0.3999646202127957,1.4165854529544406,1996-06-15T00:00:00Z,BOB
1996,7,24.96227022131343,26.57098773427316,22.443108963117037,0.38116983782770403,1.2564438998906104,1996-07-15T00:00:00Z,BOB
1996,8,24.724335343458517,26.234422000067017,22.319301011575686,0.3191320722669119,1.2285113538242005,1996-08-15T00:00:00Z,BOB
1996,9,24.664193704443576,26.298676967673554,22.20649323845883,0.27803470045064643,1.5021915675101343,1996-09-15T00:00:00Z,BOB
1996,10,24.91306598022628,26.565578246872608,22.312075639655525,0.31590024944028816,1.4543878380507216,1996-10-15T00:00:00Z,BOB
1996,11,24.98173634161337,27.190475351079986,22.54594895156588,0.30425819868128484,1.5195889499558604,1996-11-15T00:00:00Z,BOB
1996,12,24.755279882571134,26.76081401729415,22.274147701438547,0.5457312248948927,2.261073486215468,1996-12-15T00:00:00Z,BOB
1997,1,25.929320388006534,28.12837663391501,21.892318416968376,0.7652229502127387,2.4745693819573185,1997-01-15T00:00:00Z,BOB
1997,2,26.21947830423075,28.332287716206274,22.59293284795107,0.893982985579933,2.5797865057655307,1997-02-15T00:00:00Z,BOB
1997,3,26.852501706068978,28.868465572428736,22.96792169408335,0.821214252399321,2.2586633865043275,1997-03-15T00:00:00Z,BOB
1997,4,24.588203231598175,26.503113964569845,22.292525611011982,0.3409977033358081,2.095933036292501,1997-04-15T00:00:00Z,BOB
1997,5,26.42604129282773,28.280135383357905,22.928546187429184,0.5950413241646832,1.9555140199623189,1997-05-15T00:00:00Z,BOB
1997,6,24.964140375377326,26.46704186769127,22.25195536509746,0.34154144858710034,1.6529813164889573,1997-06-15T00:00:00Z,BOB
1997,7,24.94024189881933,26.363200311683457,22.38864005983272,0.38827399835537996,1.057565356067527,1997-07-15T00:00:00Z,BOB
1997,8,24.821130224267705,26.521138567232992,22.334848549141977,0.3703133848416063,1.1675460699614228,1997-08-15T00:00:00Z,BOB
1997,9,25.90449956319006,27.68554826416539,22.62537625004051,0.4384888282547414,1.3827189981696462,1997-09-15T00:00:00Z,BOB
1997,10,25.309902715228993,27.113108947547897,22.455803272213622,0.37158209791194446,1.5246087450242434,1997-10-15T00:00:00Z,BOB
1997,11,26.378869212988146,27.998649020005704,22.619412074637083,0.6273311732680494,1.5278154605541996,1997-11-15T00:00:00Z,BOB
1997,12,26.37948447882266,28.124308927402446,23.665342097897717,0.95784583443727,3.3448381692488987,1997-12-15T00:00:00Z,BOB
1998,1,25.54369873449577,28.652021055522685,22.46487651047853,1.0532160144723426,3.4238051778892515,1998-01-15T00:00:00Z,BOB
1998,2,27.94790300954518,31.198336572870932,23.505811058632638,1.4263504288871198,3.820761355900011,1998-02-15T00:00:00Z,BOB
1998,3,26.88890703433725,30.509574521855555,23.324796843198104,0.8536496104501222,2.4371295995735145,1998-03-15T00:00:00Z,BOB
1998,4,27.094094026700155,30.5349595143148,23.791640363714166,0.7690736106048796,2.307082929323669,1998-04-15T00:00:00Z,BOB
1998,5,27.327173017058247,28.998144458776725,22.970301514654224,0.7959950009702902,2.153591057427211,1998-05-15T00:00:00Z,BOB
1998,6,25.349536753081317,27.187959683881274,22.219393628757455,0.48445640318907973,1.8368725417870073,1998-06-15T00:00:00Z,BOB
1998,7,25.83039472993197,27.217763490443478,22.558836797661908,0.5263761065394084,1.3646627515150542,1998-07-15T00:00:00Z,BOB
1998,8,24.803510487037403,26.322951398108497,22.385254577123092,0.34345664885590504,1.2729094930845726,1998-08-15T00:00:00Z,BOB
1998,9,25.13904138896666,26.89957624150301,22.345870733038268,0.3884569972143302,1.5432807059236886,1998-09-15T00:00:00Z,BOB
1998,10,25.43068226725226,27.332869553318098,22.49696451647298,0.5236911024516195,1.5331415636678403,1998-10-15T00:00:00Z,BOB
1998,11,25.541675667406263,26.895617752784133,22.361241993670816,0.448176557148201,1.587963119647625,1998-11-15T00:00:00Z,BOB
1998,12,25.58498468803235,27.25008712533229,22.327232474122784,0.7993500479603373,2.163452937159565,1998-12-15T00:00:00Z,BOB
1999,1,26.35917879936937,28.343784911889085,22.203952375149203,1.109559796079662,3.0637807374128587,1999-01-15T00:00:00Z,BOB
1999,2,26.984020620625607,28.963188345439097,22.850124840467977,1.1667665359688337,2.885412350450497,1999-02-15T00:00:00Z,BOB
1999,3,26.661608063763456,28.973375666819305,23.507807691651173,0.8018377878553472,2.2266368607693625,1999-03-15T00:00:00Z,BOB
1999,4,26.46686196602285,28.975334115789682,23.095989248152815,0.6601158180314528,2.0613956175017485,1999-04-15T00:00:00Z,BOB
1999,5,25.749593784034346,27.873963716198766,22.68254585885352,0.5177192980902356,2.049685935091502,1999-05-15T00:00:00Z,BOB
1999,6,25.50287311191235,27.446216141678946,22.54481751629353,0.422527012598284,1.5654756711230706,1999-06-15T00:00:00Z,BOB
1999,7,24.611106335456572,26.264000204884542,22.271237065761422,0.34571054325303263,1.1678803492032208,1999-07-15T00:00:00Z,BOB
1999,8,25.70151964909184,27.560437439650492,22.594745126847258,0.503754993778999,1.3024731196090604,1999-08-15T00:00:00Z,BOB
1999,9,25.193573489154858,26.841211223543684,22.44099396265688,0.35647522790375064,1.5901093988323631,1999-09-15T00:00:00Z,BOB
1999,10,24.979333133663964,26.86679468804623,22.286550000606493,0.3622385243474984,1.4889555031398278,1999-10-15T00:00:00Z,BOB
1999,11,25.843885671471828,27.790705929933583,22.34850266922396,0.5594845895402205,1.6236270335919385,1999-11-15T00:00:00Z,BOB
1999,12,24.991882765571223,27.096939282987016,22.261707094188896,0.6601896984514767,2.8935458788538964,1999-12-15T00:00:00Z,BOB
2e3,1,25.434459415902992,27.48150300586329,21.823780327494514,0.7073930708941303,2.5013337143602117,2000-01-15T00:00:00Z,BOB
2e3,2,26.36511835053894,28.60197327576934,22.50243627735483,1.0435238118542478,2.9515235943964098,2000-02-15T00:00:00Z,BOB
2e3,3,26.514399812330637,29.382798391252766,23.101589085925983,0.6857496175568788,2.227860798072392,2000-03-15T00:00:00Z,BOB
2e3,4,26.56726124244654,28.536632388915987,23.040102849694325,0.7374267695272965,2.062449575072402,2000-04-15T00:00:00Z,BOB
2e3,5,26.255292308403387,28.28441280474117,22.815227854994465,0.6197277423308464,2.0742395539091767,2000-05-15T00:00:00Z,BOB
2e3,6,25.275210435921224,26.978816101070915,22.395835280855234,0.4081277997673519,1.6862459634055642,2000-06-15T00:00:00Z,BOB
2e3,7,25.125982784318975,26.480793462772287,22.349139481986693,0.42483212671012166,1.2466190283259106,2000-07-15T00:00:00Z,BOB
2e3,8,24.615655382889468,26.239421939790912,22.25804700389919,0.3174185538266306,1.3485097965442157,2000-08-15T00:00:00Z,BOB
2e3,9,24.85604863667704,26.668382872251104,22.332160427421652,0.31835242164154,1.1860888261242577,2000-09-15T00:00:00Z,BOB
2e3,10,24.66863323296301,26.42626842772103,22.227571008850894,0.32532061871986556,1.4683465623449898,2000-10-15T00:00:00Z,BOB
2e3,11,25.399135715240618,27.355309223501024,22.535393289934234,0.4383975213158843,1.5636665332134505,2000-11-15T00:00:00Z,BOB
2e3,12,25.239712205235463,27.509692747554258,22.506467082641212,0.6799667546330707,1.9825876929721316,2000-12-15T00:00:00Z,BOB
2001,1,27.01983024832394,28.808507812092035,22.012153375921383,1.1233756677918645,2.543546446116898,2001-01-15T00:00:00Z,BOB
2001,2,27.154686668982674,29.125714681403434,22.787276642121157,1.1838293625869614,2.9106753536198045,2001-02-15T00:00:00Z,BOB
2001,3,26.955171549770537,29.339015632257915,22.989862265426748,0.8574980778719498,2.2677261363119947,2001-03-15T00:00:00Z,BOB
2001,4,27.04463919843629,28.801884656856018,23.030770502454946,0.7749353155566502,2.1607306826921864,2001-04-15T00:00:00Z,BOB
2001,5,26.371821436350277,28.575104540722165,22.833223744738973,0.6238540997279609,2.0222490017932655,2001-05-15T00:00:00Z,BOB
2001,6,25.11723226464169,26.796453345119314,22.416934102617443,0.37957511915706793,1.3885455655274779,2001-06-15T00:00:00Z,BOB
2001,7,25.171552923007635,26.723332871639528,22.55119233151322,0.35907806490050165,1.1988825449358151,2001-07-15T00:00:00Z,BOB
2001,8,24.319923158697577,26.167378395643674,22.13086654770426,0.2994977423132667,1.2871669454857972,2001-08-15T00:00:00Z,BOB
2001,9,24.625325504146705,26.4725135184558,22.296558129600093,0.3284785194618701,1.5411792800782282,2001-09-15T00:00:00Z,BOB
2001,10,24.838213149091064,26.543292720546567,22.273360557264102,0.2864638552578223,1.411644699373526,2001-10-15T00:00:00Z,BOB
2001,11,25.254689629509702,27.14780099801945,22.40762931850485,0.3978589178938225,1.4998540102704476,2001-11-15T00:00:00Z,BOB
2001,12,25.193454090366593,26.90756474613218,22.556108303922954,0.5809228397553882,2.428563241264347,2001-12-15T00:00:00Z,BOB
2002,1,26.142122727314476,27.99835705490598,22.336732194602405,0.8961443081655959,2.637242807012025,2002-01-15T00:00:00Z,BOB
2002,2,26.21031500809858,28.207828197681376,22.600051682073044,0.8151473563897017,2.4077568604705197,2002-02-15T00:00:00Z,BOB
2002,3,26.329792353696813,28.682833173282578,22.74872713169208,0.8198070309505493,2.4073687189571698,2002-03-15T00:00:00Z,BOB
2002,4,27.55717811093486,29.906402127517982,23.612093093951454,0.9259955927206578,2.1842592871977127,2002-04-15T00:00:00Z,BOB
2002,5,26.87422566803689,28.9756689146177,22.961057658056028,0.70038467629741,2.222342150909292,2002-05-15T00:00:00Z,BOB
2002,6,25.94117472267945,27.816240613402115,22.66869301578005,0.506016637312837,1.6766496025670925,2002-06-15T00:00:00Z,BOB
2002,7,24.909723592725598,26.543043974482817,22.339845594011432,0.3976270679159524,1.2093369750823801,2002-07-15T00:00:00Z,BOB
2002,8,24.352260324758692,25.982711511196374,22.08387751528216,0.27490007388292775,1.2356855745484026,2002-08-15T00:00:00Z,BOB
2002,9,24.946179829703507,26.62675852524431,22.33486364975568,0.33053758100874864,1.5115420710717031,2002-09-15T00:00:00Z,BOB
2002,10,25.174773506775274,27.185912705994124,22.399078959842758,0.35994929138998,1.4023034402229535,2002-10-15T00:00:00Z,BOB
2002,11,26.04617597949674,28.142913399964694,22.744449129213013,0.5310111723621893,1.5581145797609701,2002-11-15T00:00:00Z,BOB
2002,12,25.442116728836847,27.133350129626564,22.91562120804808,0.8459216918450259,3.3223705716887983,2002-12-15T00:00:00Z,BOB
2003,1,26.345940516549486,28.27044332211731,22.226037170327274,1.1056058461365927,3.0811923287385112,2003-01-15T00:00:00Z,BOB
2003,2,26.46907880107797,29.450074252723056,22.885211604399878,1.0873614644447192,3.770370233960147,2003-02-15T00:00:00Z,BOB
2003,3,27.310250434333874,30.034658929714475,23.300051080960344,0.9182686717173566,2.3338125508385676,2003-03-15T00:00:00Z,BOB
2003,4,25.423627365745094,28.23980981163851,22.693580787812333,0.48879319913935004,2.2763786735771734,2003-04-15T00:00:00Z,BOB
2003,5,26.16234294748188,28.189702375087787,22.66880139644034,0.5755402970169067,2.059608155282798,2003-05-15T00:00:00Z,BOB
2003,6,25.14002506911779,26.860503753438984,22.411464136077154,0.38532736809580576,1.761895474369795,2003-06-15T00:00:00Z,BOB
2003,7,25.263323228643806,26.881058251869657,22.389284423618413,0.4694111523191202,1.585603892656902,2003-07-15T00:00:00Z,BOB
2003,8,25.618598664815128,27.380317317810984,22.616557558789044,0.4702746860391837,1.316705897686148,2003-08-15T00:00:00Z,BOB
2003,9,25.93416577149908,27.645916980048483,22.615935438541545,0.49639420732873846,1.6603027332729143,2003-09-15T00:00:00Z,BOB
2003,10,25.913202438985408,27.538825568282817,22.54443416483258,0.48143297057201273,1.6539573507172007,2003-10-15T00:00:00Z,BOB
2003,11,26.011428242963195,27.92408539910997,22.613692972211087,0.5862397652120089,1.7633797872056443,2003-11-15T00:00:00Z,BOB
2003,12,25.561888228614375,27.717716288297794,22.455267090495887,0.7339303631560082,3.2098078285208804,2003-12-15T00:00:00Z,BOB
2004,1,27.605792486410028,29.762372418986146,22.923672610041834,1.4363042832969666,3.3848691616710367,2004-01-15T00:00:00Z,BOB
2004,2,26.791883666182507,28.795279308529558,22.868009032053468,0.9794978210480473,2.7564022536289876,2004-02-15T00:00:00Z,BOB
2004,3,26.91311793932263,29.37218586689168,23.45668363400283,0.7977804628530439,2.5369047662949487,2004-03-15T00:00:00Z,BOB
2004,4,25.90531117742506,28.055662720998992,23.002253953845035,0.5921418126429282,2.159983118378211,2004-04-15T00:00:00Z,BOB
2004,5,25.37047609637955,27.224324579575665,22.395666625120732,0.4322401191059524,1.899466494708609,2004-05-15T00:00:00Z,BOB
2004,6,24.277889964242647,26.03370308748721,22.086884842217316,0.2632557907709814,1.3505987668079067,2004-06-15T00:00:00Z,BOB
2004,7,24.373535429558718,25.814109517432264,22.12614092323188,0.29605288737415897,1.3038097244599633,2004-07-15T00:00:00Z,BOB
2004,8,24.62219360396509,26.18391787147015,22.122287338008984,0.32033910794389164,1.4577308276573895,2004-08-15T00:00:00Z,BOB
2004,9,25.042416952010278,26.620622820150032,22.32712358875146,0.31237030410016753,1.5697376190815135,2004-09-15T00:00:00Z,BOB
2004,10,24.43404533005935,25.997963959490818,22.19258653647774,0.2444306427032131,1.5848685325471854,2004-10-15T00:00:00Z,BOB
2004,11,25.06368874457351,26.695733380014754,22.327439470046,0.3643302187710223,1.7482626656971856,2004-11-15T00:00:00Z,BOB
2004,12,26.254051616903542,28.09586077603504,23.34154914192293,0.9013048752005957,3.460100300840461,2004-12-15T00:00:00Z,BOB
2005,1,26.280733887401134,29.195716928592525,22.601668718847634,1.1673164415736312,3.529393829259672,2005-01-15T00:00:00Z,BOB
2005,2,27.609474031260614,30.64087814394663,23.643721120492685,1.2476844590999911,3.3610432969629587,2005-02-15T00:00:00Z,BOB
2005,3,26.5589812994818,29.77329900028733,23.178741727160755,0.801044242971466,2.390059008113646,2005-03-15T00:00:00Z,BOB
2005,4,26.561515686417593,29.167536651045133,23.290902795878928,0.659961058020231,2.280749445204583,2005-04-15T00:00:00Z,BOB
2005,5,25.211493506535856,27.282189080396485,22.515700106826205,0.3560592011017758,1.7311039220663487,2005-05-15T00:00:00Z,BOB
2005,6,24.985969877924788,27.178522206626603,22.361896229488742,0.30737277306055305,1.5437244334977958,2005-06-15T00:00:00Z,BOB
2005,8,26.18795098415059,27.91040215587648,22.79878589565832,0.604162082966988,1.2471522177256344,2005-08-15T00:00:00Z,BOB
2005,9,25.58438048071032,27.311480728296104,22.622588135931164,0.4723226925031177,1.4035607988213645,2005-09-15T00:00:00Z,BOB
2005,10,26.0503988070571,27.690944148976683,22.534785587559718,0.5532738105232512,1.522440285935325,2005-10-15T00:00:00Z,BOB
2005,11,25.98279326707517,27.789414259478505,22.670938814079886,0.5185075481266195,1.7094775195907501,2005-11-15T00:00:00Z,BOB
2005,12,26.085246953964216,27.83899995311646,22.750474753126397,0.8497035681182576,2.505082674782747,2005-12-15T00:00:00Z,BOB
2006,1,25.705134114156067,28.143088713536105,22.62488757014371,0.8625540047565904,3.4310102058823833,2006-01-15T00:00:00Z,BOB
2006,2,27.41659032763739,29.731377756775572,23.2186062253036,1.2211020136434478,3.1710508322265056,2006-02-15T00:00:00Z,BOB
2006,3,27.199654033563085,29.53060537689448,23.14752513842971,0.9205708332606328,2.311843494052439,2006-03-15T00:00:00Z,BOB
2006,4,26.16882773907348,28.97960237919579,23.06975359209298,0.6353041921727778,2.17971236584481,2006-04-15T00:00:00Z,BOB
2006,5,26.019309260444103,27.825114879637393,22.65014666364841,0.5360469451791495,2.0703446426227425,2006-05-15T00:00:00Z,BOB
2006,6,25.761110034143986,27.573966974693043,22.536042840982706,0.5451163968072462,1.7140606700764764,2006-06-15T00:00:00Z,BOB
2006,7,24.61392020079286,26.015676247002272,22.28963946237511,0.3133409170398824,1.5280282319904313,2006-07-15T00:00:00Z,BOB
2006,8,24.85279005978817,26.214592622557156,22.294178822742744,0.35913560864057814,1.2501473902977855,2006-08-15T00:00:00Z,BOB
2006,9,25.595825198764377,27.417402105468252,22.498595640568777,0.4155421981458744,1.2196641796461192,2006-09-15T00:00:00Z,BOB
2006,10,25.273608068168688,27.013974842548457,22.370289943695465,0.361531851150796,1.4280445424646495,2006-10-15T00:00:00Z,BOB
2006,11,25.39746751313485,27.136873394032587,22.479984189174793,0.462879059925373,1.5789532626382723,2006-11-15T00:00:00Z,BOB
2006,12,25.355321095598423,27.032405147253957,22.68571844842452,0.7779133021867367,2.199443681231299,2006-12-15T00:00:00Z,BOB
2007,1,27.191633493638896,29.349398570281682,22.69138515551303,1.3385990381075563,3.5976736267775484,2007-01-15T00:00:00Z,BOB
2007,2,27.727487926401793,29.95961017648055,23.098568502095635,1.3775574770029777,3.1315146394953564,2007-02-15T00:00:00Z,BOB
2007,3,26.68419523553316,29.472184970883223,23.248650310431866,0.7607524004379498,2.306392812692397,2007-03-15T00:00:00Z,BOB
2007,4,26.77793197192989,30.09081130597107,23.372500868354017,0.7813623644035151,2.1719824557903262,2007-04-15T00:00:00Z,BOB
2007,5,26.001464660933895,28.837873128171744,23.087508035820015,0.6015485753640553,2.278210821345529,2007-05-15T00:00:00Z,BOB
2007,6,25.232697404200326,26.778952427401645,22.462041462266974,0.38238074518009924,1.8500988056901635,2007-06-15T00:00:00Z,BOB
2007,7,24.807672065417538,26.270831124036082,22.373006099321813,0.3572879284928422,1.3729903500645662,2007-07-15T00:00:00Z,BOB
2007,8,24.553471652489996,26.19212493814993,22.282164217024867,0.3425654981530477,1.426081035939921,2007-08-15T00:00:00Z,BOB
2007,9,25.072748628215717,26.98016020869039,22.34651285911634,0.4207815683816985,1.4941100396440836,2007-09-15T00:00:00Z,BOB
2007,10,25.626666368836254,27.564044387736434,22.603264523254385,0.5189157322416967,1.6792269393639723,2007-10-15T00:00:00Z,BOB
2007,11,24.56521087401572,26.83090946755635,22.53267812840486,0.31326631908041225,1.5298915431639137,2007-11-15T00:00:00Z,BOB
2007,12,25.278884934700937,27.36057064750508,22.282733406385134,0.7568024102503133,2.9056029410190383,2007-12-15T00:00:00Z,BOB
2008,1,26.475598405279733,28.229545987218835,21.986739308998867,0.9660573638386223,2.8149428669228547,2008-01-15T00:00:00Z,BOB
2008,2,27.289018531887436,29.3504961921237,22.918611782933453,1.1650418166779273,3.044373908696514,2008-02-15T00:00:00Z,BOB
2008,3,27.223001160314183,29.360773864767417,23.224575347775765,0.836442469974832,2.32196021341926,2008-03-15T00:00:00Z,BOB
2008,4,27.623858332772194,29.464349138703042,23.421701122672438,0.8948499112688915,2.143017172333966,2008-04-15T00:00:00Z,BOB
2008,5,26.2174484898298,28.246139113229564,22.94973125633775,0.5926943622329417,2.0250870549823627,2008-05-15T00:00:00Z,BOB
2008,6,24.456730590536715,26.479175211280957,22.48125563921032,0.24013513995253913,1.564073284448257,2008-06-15T00:00:00Z,BOB
2008,7,24.890932877141314,26.46580517535936,22.472289260275357,0.345194865831478,1.3239363409618647,2008-07-15T00:00:00Z,BOB
2008,8,24.562215975722953,26.187230196213758,22.228224161026642,0.2785198710553112,1.5199997834128136,2008-08-15T00:00:00Z,BOB
2008,9,25.676873902305097,27.3467144434541,22.536035205807643,0.4840011178604874,1.4288790558120303,2008-09-15T00:00:00Z,BOB
2008,10,26.143036034348007,27.933869207840452,22.784965272120843,0.5505738159542803,1.6398194492335774,2008-10-15T00:00:00Z,BOB
2008,11,25.928255124831416,27.911739465363713,22.900465881094867,0.5196169953726112,1.9261635471835403,2008-11-15T00:00:00Z,BOB
2008,12,26.685970686371938,28.45317690827867,23.504991992815643,0.9770653062916995,2.7070140629599178,2008-12-15T00:00:00Z,BOB
2009,1,26.91276281943727,29.057296475741477,22.80525254161249,1.122269928651844,3.6704371328417915,2009-01-15T00:00:00Z,BOB
2009,2,26.57134464303304,29.307507141864885,23.07670995852475,1.1083751950699636,2.9214249312785827,2009-02-15T00:00:00Z,BOB
2009,3,27.187506602598713,29.91138357544056,23.49928785721595,0.9155351489769478,2.457458084690272,2009-03-15T00:00:00Z,BOB
2009,4,27.070304560946962,29.76234369481253,23.379675258824392,0.9131899627127829,2.2642259150496353,2009-04-15T00:00:00Z,BOB
2009,5,26.947493043738255,29.616298569827205,23.401867611014392,0.8199443447234945,2.217662576098949,2009-05-15T00:00:00Z,BOB
2009,6,24.948101395895673,26.78821255331448,22.62966901028644,0.3981663272233455,1.225892980441127,2009-06-15T00:00:00Z,BOB
2009,7,25.427212953111752,26.984638927346165,22.62953340542879,0.4743568669470597,1.3454194864898747,2009-07-15T00:00:00Z,BOB
2009,8,24.29027310780606,26.368211478481584,22.207434120928774,0.31298749096531314,1.4380415615791107,2009-08-15T00:00:00Z,BOB
2009,9,24.640653793966482,26.63952959157555,22.413296730270407,0.36405270905047077,1.4908054667618216,2009-09-15T00:00:00Z,BOB
2009,10,26.086301629740653,28.29009138066575,22.839399028120987,0.6565487862374215,1.5815386563109137,2009-10-15T00:00:00Z,BOB
2009,11,25.69459370701058,27.72708615660363,22.71114888387405,0.5444023354754786,1.8418698609337032,2009-11-15T00:00:00Z,BOB
2009,12,25.181439733141623,27.01926309858395,22.266167767193224,0.7081274121025275,2.3452127825820654,2009-12-15T00:00:00Z,BOB
2010,1,26.25067151884759,28.42677633292025,22.518903839275737,1.2080648782386783,3.7657824979263372,2010-01-15T00:00:00Z,BOB
2010,2,27.739302812158,30.385159031412137,23.52995152136683,1.5312768846596847,3.3430011657788024,2010-02-15T00:00:00Z,BOB
2010,3,27.527565015089497,30.558478451678805,23.683129271136014,1.1609597924784985,2.489274656978164,2010-03-15T00:00:00Z,BOB
2010,4,27.333200872749874,29.791153792863195,24.26660583724726,0.8816330844760464,2.3322362948861506,2010-04-15T00:00:00Z,BOB
2010,5,25.792896666897793,27.946582247254103,22.60896698978218,0.5369061825609489,1.9889304524658078,2010-05-15T00:00:00Z,BOB
2010,6,25.108234658134677,27.318159107457017,22.6083922772909,0.43518739046742716,1.67157913564147,2010-06-15T00:00:00Z,BOB
2010,7,24.25633560980338,26.09268822169227,22.315069569206237,0.3368497702255454,1.323789808017211,2010-07-15T00:00:00Z,BOB
2010,8,23.869354041388657,25.948528763541532,22.144518817577126,0.26710147520597327,1.596699345058688,2010-08-15T00:00:00Z,BOB
2010,9,24.78753744718829,26.814647448098654,22.34022486493842,0.3645191381532049,1.5269432222499528,2010-09-15T00:00:00Z,BOB
2010,10,25.23456788069839,27.241492533149774,22.437307262066266,0.4466046308318282,1.7239320799995625,2010-10-15T00:00:00Z,BOB
2010,11,24.928688421496425,27.056090907777794,22.487562015772717,0.4073744243101426,1.6122705170181428,2010-11-15T00:00:00Z,BOB
2010,12,26.572613979459977,28.6181819198312,23.55969187534199,1.0128910709158196,2.566254023860224,2010-12-15T00:00:00Z,BOB
2011,1,26.13345421387538,28.297234734393303,22.712320897012027,1.1122953534934115,3.293383659943379,2011-01-15T00:00:00Z,BOB
2011,2,27.463651987570085,29.784871442247052,23.36084108350165,1.4010302806588018,3.2386150433701393,2011-02-15T00:00:00Z,BOB
2011,3,27.35906458488825,29.966422216998573,23.554496886594062,1.0457738918487984,2.450289297570162,2011-03-15T00:00:00Z,BOB
2011,4,26.5237597905648,28.79437674497802,23.196508314283584,0.7477251614151728,2.119278908259456,2011-04-15T00:00:00Z,BOB
2011,5,25.756386622995233,28.03358351994993,22.825756876890406,0.5472137671689196,2.0726814577840584,2011-05-15T00:00:00Z,BOB
2011,6,25.809900746588166,27.868249228942464,22.815933905218024,0.5601332343092662,1.7503456074371386,2011-06-15T00:00:00Z,BOB
2011,7,24.00103715873171,26.639834215411085,22.00170532739677,0.2863725300365988,1.4875576454035275,2011-07-15T00:00:00Z,BOB
2011,8,24.925560030860066,27.03068553593649,22.599651243930378,0.4536987890002899,1.4381644408405827,2011-08-15T00:00:00Z,BOB
2011,9,24.618638961318624,26.463679085278464,22.316908753086505,0.39497839663862344,1.513051060190706,2011-09-15T00:00:00Z,BOB
2011,10,24.931673766120056,26.934989636011462,22.317428401269883,0.4010934329324088,1.7949633453661347,2011-10-15T00:00:00Z,BOB
2011,11,24.699407088385847,26.668310765543147,22.37838116828151,0.35585094630762265,1.6039880310773815,2011-11-15T00:00:00Z,BOB
2011,12,25.57002010946063,27.353729144121875,22.92774664979276,0.721655535338441,2.1463241712005923,2011-12-15T00:00:00Z,BOB
2012,1,26.859092496436855,28.75266465492441,21.899007277023166,1.035847620288687,2.550386747670695,2012-01-15T00:00:00Z,BOB
2012,2,25.490778919354806,27.675159107727968,22.442447340534788,0.682912010642872,2.5814660248825487,2012-02-15T00:00:00Z,BOB
2012,3,26.324594217661804,28.24395961910017,22.977989540997662,0.7104016113803409,2.3161860797702123,2012-03-15T00:00:00Z,BOB
2012,4,25.831146947176236,27.807593854268497,22.807383146281524,0.5990055782783466,2.233210004904417,2012-04-15T00:00:00Z,BOB
2012,5,26.652912370822992,28.486241662060298,23.03956165076933,0.7409242794663502,2.050095444422537,2012-05-15T00:00:00Z,BOB
2012,6,25.050368225601517,26.9956823570252,22.550908372953582,0.4354830951558777,1.7940526635323253,2012-06-15T00:00:00Z,BOB
2012,7,23.779325541652764,25.49853755858761,22.134632553539184,0.33692500281765075,1.3605604082128924,2012-07-15T00:00:00Z,BOB
2012,8,23.05128651106576,24.92680271230465,21.889618253621066,0.2845238939842651,1.5711478666123373,2012-08-15T00:00:00Z,BOB
2012,9,25.252318265075754,26.999430185312253,22.5529686384483,0.5247583362905238,1.4817999697629636,2012-09-15T00:00:00Z,BOB
2012,10,25.31615866261362,26.94111878264306,22.406498093306705,0.48632405452767424,1.596040239095521,2012-10-15T00:00:00Z,BOB
2012,11,26.054484788671477,27.58668332432689,22.716729261343783,0.6063163078349365,2.0731899761493597,2012-11-15T00:00:00Z,BOB
2012,12,26.50587368818523,28.393436443982885,23.55563283854138,0.9856560553732274,3.3844013125026535,2012-12-15T00:00:00Z,BOB
2013,1,26.142289001255516,28.510465401318122,22.26998126106553,1.264712906575272,4.982043026419813,2013-01-15T00:00:00Z,BOB
2013,2,27.755468641034803,29.66386596533837,23.427112713500833,1.5312970829535515,3.792391836730492,2013-02-15T00:00:00Z,BOB
2013,3,26.223102204990216,28.280669336825586,22.981684915485427,0.6817419233256327,2.234698139175619,2013-03-15T00:00:00Z,BOB
2013,4,27.37172320871859,29.0782375639426,23.66922962501175,0.8654786154402576,2.1897619653515212,2013-04-15T00:00:00Z,BOB
2013,5,25.477812007946714,27.391876637968352,22.63498452749737,0.4758065141597307,2.3090515845235355,2013-05-15T00:00:00Z,BOB
2013,6,25.133921066816438,26.769931524982525,22.580261917127213,0.4222251686346847,1.547689533405498,2013-06-15T00:00:00Z,BOB
2013,7,24.485799636809137,26.197233445035252,22.424380584453022,0.32269145618664175,1.2303636120460781,2013-07-15T00:00:00Z,BOB
2013,8,23.928659285778885,26.075077763752997,22.309306609745217,0.36839611716917836,1.3741767000375185,2013-08-15T00:00:00Z,BOB
2013,9,24.007897341514365,25.941900313568087,22.14380815432063,0.2608241926433943,1.9344305951472303,2013-09-15T00:00:00Z,BOB
2013,10,25.17181549951361,27.280924309897124,22.465517279137927,0.4213908450802473,1.6718070938080987,2013-10-15T00:00:00Z,BOB
2013,11,25.32784563231713,27.338756937370306,22.69808852054502,0.41010035852512755,1.7743414410486926,2013-11-15T00:00:00Z,BOB
2013,12,25.310228132044326,27.27988913399885,22.55855313422899,0.7461750619450068,3.8630693532026528,2013-12-15T00:00:00Z,BOB
2014,1,26.63141985836882,28.672727128320602,22.727692557350633,0.9170013558506392,3.1455859621650526,2014-01-15T00:00:00Z,BOB
2014,2,26.292411531971702,28.467965387003016,22.801106901807213,0.791781884774759,2.9306002839108722,2014-02-15T00:00:00Z,BOB
2014,3,26.970747992955037,29.20113905388884,23.550747404569794,0.9783285385133353,2.3448395896969094,2014-03-15T00:00:00Z,BOB
2014,4,27.985184088524555,29.765767668601484,23.824114745276816,0.9877103388062874,2.2425709482247584,2014-04-15T00:00:00Z,BOB
2014,5,25.553505780151102,28.719184842868465,22.936419627089705,0.47439616189208705,2.1229816643457484,2014-05-15T00:00:00Z,BOB
2014,6,25.549343454257226,27.603149743999438,22.816982497958303,0.474455693328802,1.8324098005040412,2014-06-15T00:00:00Z,BOB
2014,7,24.835838994590965,26.598761767663706,22.49415304995821,0.3326010299515303,1.240057339850423,2014-07-15T00:00:00Z,BOB
2014,8,24.321281074810265,26.31481284829382,22.196707793589667,0.3038148602188498,1.1994080110412473,2014-08-15T00:00:00Z,BOB
2014,9,25.17673986779664,27.09304201666293,22.47905961898262,0.30599078009823094,1.1857234579548308,2014-09-15T00:00:00Z,BOB
2014,10,25.599212775663457,27.32384877263479,22.47643413935482,0.396638923757229,1.482827300548506,2014-10-15T00:00:00Z,BOB
2014,11,26.4057057712328,28.087310881232185,22.760774871181958,0.5887638800445938,1.7214821881749067,2014-11-15T00:00:00Z,BOB
2014,12,25.484628204482835,27.229361694998403,22.836711976874383,0.7648251254868009,3.052060724003658,2014-12-15T00:00:00Z,BOB
2015,1,24.888411359136526,26.793937098057235,21.199449997484578,0.6641468011522705,2.978610017630648,2015-01-15T00:00:00Z,BOB
2015,2,25.83516045080461,27.83830488619793,22.66799451503706,0.6217625473197779,3.691094337351955,2015-02-15T00:00:00Z,BOB
2015,3,26.211622081394516,28.343440720471076,23.09143325331832,0.635288009879758,2.44899452299963,2015-03-15T00:00:00Z,BOB
2015,4,27.74908301205755,29.176337324234446,23.31346515717736,0.829063668340999,2.2114813987743616,2015-04-15T00:00:00Z,BOB
2015,5,25.332456702994943,27.941734590053183,22.707709299529046,0.34646883257156313,1.9823655272700444,2015-05-15T00:00:00Z,BOB
2015,6,25.719730299623777,27.345003845972773,22.689197308144507,0.40928903121747323,2.5006423096415884,2015-06-15T00:00:00Z,BOB
2015,7,24.8159533518228,26.84118279379867,22.219389412174543,0.321981653790361,1.70307264482959,2015-07-15T00:00:00Z,BOB
2015,8,25.603125420361835,27.372989261969924,22.646798369869405,0.405143968759234,1.5440830855741878,2015-08-15T00:00:00Z,BOB
2015,9,25.21881065605109,26.818004649535858,22.442445578195784,0.3554584362510751,1.2967273843728513,2015-09-15T00:00:00Z,BOB
2015,10,26.067312012197267,27.752739348831682,22.44157825521434,0.46391756505928705,2.5509336512332506,2015-10-15T00:00:00Z,BOB
2015,11,26.14762023413978,27.963858723726485,22.679885536966076,0.534360447699068,1.7720835488736313,2015-11-15T00:00:00Z,BOB
2015,12,26.419456255135046,28.04634357546421,23.157455586656695,0.9558281566277586,3.383886247792232,2015-12-15T00:00:00Z,BOB
2016,1,26.732448511250293,29.24232408536273,22.85532334433174,1.0916487816839024,3.8289554578641627,2016-01-15T00:00:00Z,BOB
2016,2,27.088359531396065,29.899383129670777,22.992152426195695,1.1607201867936534,3.4966104878308317,2016-02-15T00:00:00Z,BOB
2016,3,27.24620442408466,30.73914809807581,23.76455119055998,0.8121338758458962,2.394736469894013,2016-03-15T00:00:00Z,BOB
2016,4,28.48568035370669,30.284845634635094,24.225578663004864,1.0159774836190387,2.37141703826457,2016-04-15T00:00:00Z,BOB
2016,5,25.6117737034431,27.90779132742652,22.940770690315837,0.45028130769188,2.079371166399628,2016-05-15T00:00:00Z,BOB
2016,6,25.62077072089535,27.337290874992075,22.525263465967498,0.5041618293119302,1.4439000776087383,2016-06-15T00:00:00Z,BOB
2016,7,24.783226757347634,26.24944080099672,22.32925948979681,0.328882727858955,1.4242082543447223,2016-07-15T00:00:00Z,BOB
2016,8,25.034231919361808,26.826460602747613,22.435650808845246,0.3890208999258128,1.4276844653596958,2016-08-15T00:00:00Z,BOB
2016,9,26.18821668845767,27.737861220399953,22.613211985587586,0.5605971798865352,1.5096654790461086,2016-09-15T00:00:00Z,BOB
2016,10,26.306353723928503,27.767362574786297,22.700277082191807,0.517268087305641,1.8500190910979242,2016-10-15T00:00:00Z,BOB
2016,11,26.080647423374003,28.13869596917107,22.703640919411143,0.5396209484463478,1.7765829011909633,2016-11-15T00:00:00Z,BOB
2016,12,26.719635377591867,28.25592963152543,23.327771222556912,0.8902231630597052,3.3561832476629205,2016-12-15T00:00:00Z,BOB
2017,1,27.662117818103464,29.382076442598084,23.18627982808697,1.2771240107498325,3.314466589618363,2017-01-15T00:00:00Z,BOB
2017,2,26.37790722286269,28.801854711503424,23.086241806730605,0.766936067608408,2.918247118949466,2017-02-15T00:00:00Z,BOB
2017,3,27.475631809677044,29.93582864890216,23.711948634857663,0.8806744951677594,2.4793958902643927,2017-03-15T00:00:00Z,BOB
2017,4,26.311910487430435,28.56990298904314,23.305818457068483,0.599209428035528,2.3732350348365996,2017-04-15T00:00:00Z,BOB
2017,5,27.69826071447929,29.5892572270924,23.32763992249356,0.8301690869055869,2.2616293058583024,2017-05-15T00:00:00Z,BOB
2017,6,24.71330168288992,26.661703273587637,22.452085183561444,0.2983909257840952,1.6929421559716742,2017-06-15T00:00:00Z,BOB
2017,7,25.053225550353115,26.43912512972933,22.346377455332043,0.33010646732027166,1.388722390487506,2017-07-15T00:00:00Z,BOB
2017,8,24.598235853353735,26.360263937785213,22.280145562885256,0.31078085782367526,1.3428409457335606,2017-08-15T00:00:00Z,BOB
2017,9,25.58778278764205,27.179049625644186,22.433265849443174,0.44554481156408643,1.490256004142597,2017-09-15T00:00:00Z,BOB
2017,10,26.513963776105058,28.23568787231495,22.708452510635176,0.5826617792030744,1.6764989016015122,2017-10-15T00:00:00Z,BOB
2017,11,25.12848935519922,26.903330661118112,22.3751264391507,0.36089890156411664,1.7556035733521513,2017-11-15T00:00:00Z,BOB
2017,12,27.547617610494893,29.16266802478095,23.56898537048403,1.0251736635170323,3.3438492493289598,2017-12-15T00:00:00Z,BOB
